t_yr,body,a_au,e,inc_deg,Omega_deg,omega_deg,f_deg
5000.0,Barnard d,0.018799259635338177,0.01883092380938351,0.0,0.0,279.76398,120.94756
5000.0,Barnard b,0.02290085122514944,0.022437998860690422,0.0,0.0,255.18174,168.93249
5000.0,Barnard c,0.02739665701942245,0.03721925579527764,0.0,0.0,305.91783,293.057
5000.0,Barnard e,0.038104460838825585,0.02089270295564455,0.0,0.0,88.49664,78.13838
10000.0,Barnard d,0.018799613753150347,0.02303204200583918,0.0,0.0,292.35056,236.16842
10000.0,Barnard b,0.0228989200347406,0.036011996215834056,0.0,0.0,311.90802,4.42054
10000.0,Barnard c,0.027399055787206337,0.02419428683118456,0.0,0.0,1.49514,156.00304
10000.0,Barnard e,0.038103728810758936,0.022235022567216572,0.0,0.0,109.91862,169.23179
15000.0,Barnard d,0.01879700179927506,0.040031749577534526,0.0,0.0,334.35116,205.45579
15000.0,Barnard b,0.022905357414874938,0.02960833254450979,0.0,0.0,19.96127,0.36425
15000.0,Barnard c,0.027396009730012674,0.01183778320950425,0.0,0.0,21.04808,345.72648
15000.0,Barnard e,0.03810422317542413,0.025373896709704805,0.0,0.0,132.87712,258.86723
20000.0,Barnard d,0.01879758614379098,0.0465227323564767,0.0,0.0,41.10164,342.43294
20000.0,Barnard b,0.0229016965561532,0.012808418493193406,0.0,0.0,40.40179,153.6975
20000.0,Barnard c,0.027398269551879573,0.013259786535565152,0.0,0.0,21.89228,313.24965
20000.0,Barnard e,0.03810390766780786,0.030223042413541196,0.0,0.0,160.04268,66.32098
25000.0,Barnard d,0.018800812727312013,0.03216144196148119,0.0,0.0,111.8353,205.08873
25000.0,Barnard b,0.022898219832904694,0.025358639574495835,0.0,0.0,53.12158,178.73364
25000.0,Barnard c,0.02739912276025718,0.016167178342212422,0.0,0.0,46.48772,268.64793
25000.0,Barnard e,0.03810372389608915,0.035060091380747546,0.0,0.0,191.21833,181.53589
30000.0,Barnard d,0.018799501078625186,0.008575448571249646,0.0,0.0,169.02542,142.62952
30000.0,Barnard b,0.022900582846847522,0.02799221796648823,0.0,0.0,122.29287,302.02344
30000.0,Barnard c,0.027398071881831517,0.023996588844888082,0.0,0.0,82.17439,328.46529
30000.0,Barnard e,0.03810297617577163,0.03938349011881339,0.0,0.0,224.47469,291.20245
35000.0,Barnard d,0.018797092443250663,0.011257220638323882,0.0,0.0,91.62785,210.3735
35000.0,Barnard b,0.022901172103067004,0.013594411619581711,0.0,0.0,197.07131,57.27369
35000.0,Barnard c,0.027401390425740864,0.0299058397323749,0.0,0.0,139.89506,66.46773
35000.0,Barnard e,0.03810240030688346,0.042265801127598625,0.0,0.0,258.46593,91.96479
40000.0,Barnard d,0.018800266842039018,0.015934197889919573,0.0,0.0,144.15222,91.13263
40000.0,Barnard b,0.022899245798923027,0.008719778368163403,0.0,0.0,106.19206,151.23754
40000.0,Barnard c,0.027400176952839257,0.02775927071105003,0.0,0.0,209.89513,24.89834
40000.0,Barnard e,0.038106068229345945,0.044433263132112315,0.0,0.0,291.55372,247.7531
45000.0,Barnard d,0.018797327532581575,0.015084267628568754,0.0,0.0,179.40036,216.19145
45000.0,Barnard b,0.022902055625830576,0.022807889552336078,0.0,0.0,181.36157,125.48175
45000.0,Barnard c,0.027399655185959347,0.017300278780961548,0.0,0.0,293.11278,46.15672
45000.0,Barnard e,0.03810409307713533,0.04640248613385322,0.0,0.0,324.23118,110.96458
50000.0,Barnard d,0.018798771932408857,0.021150581126334906,0.0,0.0,218.1774,303.94901
50000.0,Barnard b,0.022898596100760463,0.020363657438232964,0.0,0.0,267.80225,100.39414
50000.0,Barnard c,0.027400696488914814,0.008564668817652854,0.0,0.0,56.86985,66.28349
50000.0,Barnard e,0.03810411100907804,0.049085687242962577,0.0,0.0,356.914,28.24323
55000.0,Barnard d,0.01879919196239699,0.02375687333242963,0.0,0.0,287.48689,326.69106
55000.0,Barnard b,0.02290153073216448,0.009027782009020411,0.0,0.0,22.05627,242.24155
55000.0,Barnard c,0.027399575481712016,0.010640463864716402,0.0,0.0,180.51355,63.71595
55000.0,Barnard e,0.038104485068449295,0.05151015167979363,0.0,0.0,31.00977,306.2112
60000.0,Barnard d,0.01879734662146984,0.019244869796097627,0.0,0.0,26.35582,221.88304
60000.0,Barnard b,0.02290196634688815,0.009156008473492825,0.0,0.0,194.30645,286.05634
60000.0,Barnard c,0.0273978992677485,0.011302374070220974,0.0,0.0,256.04216,76.00041
60000.0,Barnard e,0.038104383497719954,0.052925548686207476,0.0,0.0,66.38697,356.56649
65000.0,Barnard d,0.018797568224139326,0.019276444422728713,0.0,0.0,132.9753,301.37848
65000.0,Barnard b,0.022900661585928826,0.0121685950143173,0.0,0.0,270.00606,334.53156
65000.0,Barnard c,0.027399849088267102,0.00923639796085462,0.0,0.0,323.37739,214.95275
65000.0,Barnard e,0.03810266702587316,0.05271407255408851,0.0,0.0,101.90186,217.76154
70000.0,Barnard d,0.01879730823077548,0.02321982661451207,0.0,0.0,209.77233,238.29739
70000.0,Barnard b,0.022908315339600575,0.013600542135437814,0.0,0.0,306.93043,162.2044
70000.0,Barnard c,0.02739486899894561,0.007233142036017476,0.0,0.0,54.66031,52.18853
70000.0,Barnard e,0.03810603233152801,0.05149485102970206,0.0,0.0,136.60929,14.90475
75000.0,Barnard d,0.018802558160468257,0.023124896006523135,0.0,0.0,274.05845,94.93277
75000.0,Barnard b,0.022896764335299722,0.015771254057146654,0.0,0.0,329.44308,42.49163
75000.0,Barnard c,0.027398309499675796,0.010142246662677218,0.0,0.0,154.67758,327.4376
75000.0,Barnard e,0.038105656650096666,0.049340910433807984,0.0,0.0,170.54206,240.76181
80000.0,Barnard d,0.018799342023815255,0.02353732223355399,0.0,0.0,331.44402,93.76246
80000.0,Barnard b,0.022901170878489193,0.013945442477157115,0.0,0.0,14.60051,233.22464
80000.0,Barnard c,0.027396421673085168,0.016624242125623016,0.0,0.0,240.67865,216.78982
80000.0,Barnard e,0.038103414759994784,0.046911890215919065,0.0,0.0,203.84224,182.74837
85000.0,Barnard d,0.018797308360233432,0.019898774083127742,0.0,0.0,18.38085,187.67305
85000.0,Barnard b,0.0229020701943183,0.011204240170022485,0.0,0.0,59.45546,270.69177
85000.0,Barnard c,0.027399355080280918,0.024684947903638243,0.0,0.0,305.57583,300.87861
85000.0,Barnard e,0.038101410974459425,0.044682341651485276,0.0,0.0,236.57078,236.39978
90000.0,Barnard d,0.018799229493913466,0.012135548928381977,0.0,0.0,41.97234,255.03996
90000.0,Barnard b,0.02289960462593579,0.008008259772700059,0.0,0.0,92.45437,213.01516
90000.0,Barnard c,0.027400551078531832,0.03101096558588646,0.0,0.0,5.24624,225.71475
90000.0,Barnard e,0.03810431599095771,0.042608008358967275,0.0,0.0,269.25763,284.68433
95000.0,Barnard d,0.01879807124356326,0.01332598482160269,0.0,0.0,33.06783,53.13213
95000.0,Barnard b,0.02290186771314638,0.00686386371305121,0.0,0.0,99.03039,23.37752
95000.0,Barnard c,0.027397852129169054,0.032899828734328465,0.0,0.0,58.65318,208.2191
95000.0,Barnard e,0.03810309303998048,0.03991467443404785,0.0,0.0,302.45559,222.29177
100000.0,Barnard d,0.018796938749175377,0.0267642800909953,0.0,0.0,61.90381,184.95857
100000.0,Barnard b,0.022903369990211163,0.007594533893964208,0.0,0.0,112.28696,265.37094
100000.0,Barnard c,0.027398177694054948,0.030023259606510855,0.0,0.0,110.40426,166.07979
100000.0,Barnard e,0.03810452691903255,0.03675286755651987,0.0,0.0,335.85239,271.24905
105000.0,Barnard d,0.018799068132557828,0.03758618311689851,0.0,0.0,107.14969,319.11277
105000.0,Barnard b,0.022900492012748873,0.01135014344191787,0.0,0.0,129.83742,333.93631
105000.0,Barnard c,0.02739933410895134,0.023929169092462437,0.0,0.0,157.66458,247.69116
105000.0,Barnard e,0.038104411598218195,0.03254167854087533,0.0,0.0,8.39006,335.28974
110000.0,Barnard d,0.018798118364202483,0.04612657128285404,0.0,0.0,155.27691,39.63593
110000.0,Barnard b,0.022901338771581847,0.014625306510341609,0.0,0.0,172.48594,160.84957
110000.0,Barnard c,0.027397705778615188,0.015581644016831344,0.0,0.0,187.75693,257.76845
110000.0,Barnard e,0.03810392637401076,0.02773951626499897,0.0,0.0,38.40472,312.88855
115000.0,Barnard d,0.01879697302014925,0.04914512358652413,0.0,0.0,208.98318,205.95503
115000.0,Barnard b,0.02290319683428609,0.015429821638716135,0.0,0.0,195.92727,156.68946
115000.0,Barnard c,0.0273977144010378,0.014136612924090913,0.0,0.0,196.7136,303.79397
115000.0,Barnard e,0.038103542632989984,0.02331914956892732,0.0,0.0,64.54226,248.70709
120000.0,Barnard d,0.018802479035125927,0.04515356236172394,0.0,0.0,260.82943,127.96631
120000.0,Barnard b,0.022902040347442212,0.017396313335581868,0.0,0.0,228.94871,163.2691
120000.0,Barnard c,0.02739517414288448,0.02131487942731982,0.0,0.0,215.19394,171.92285
120000.0,Barnard e,0.038102693626889825,0.02018251413153892,0.0,0.0,85.50648,199.54155
125000.0,Barnard d,0.018799134897307414,0.0383920089684948,0.0,0.0,305.55556,358.10162
125000.0,Barnard b,0.022900493827281647,0.014769153987140399,0.0,0.0,265.11987,27.71018
125000.0,Barnard c,0.027398266266625997,0.0308763859253297,0.0,0.0,255.06186,198.66164
125000.0,Barnard e,0.038103733948015354,0.019280121013194918,0.0,0.0,103.75471,128.59842
130000.0,Barnard d,0.018798316742136643,0.027733857958070502,0.0,0.0,342.20319,222.99205
130000.0,Barnard b,0.022901372800327342,0.013575840054371922,0.0,0.0,297.50494,13.92955
130000.0,Barnard c,0.027397625032757764,0.03727825174293989,0.0,0.0,302.28007,168.31955
130000.0,Barnard e,0.038103388001614384,0.020009854684188245,0.0,0.0,124.44647,91.94313
135000.0,Barnard d,0.018797298891269135,0.015344441589685235,0.0,0.0,15.97201,282.81739
135000.0,Barnard b,0.02290691112437882,0.02359551432879783,0.0,0.0,319.02668,124.74369
135000.0,Barnard c,0.027393968694024697,0.03774963924656901,0.0,0.0,357.0121,86.73541
135000.0,Barnard e,0.03810610500565575,0.021674390208768227,0.0,0.0,147.03745,249.48281
140000.0,Barnard d,0.018797008677261293,0.01570708814423849,0.0,0.0,14.69274,303.86427
140000.0,Barnard b,0.022902413492201307,0.027999090029908077,0.0,0.0,355.68705,264.08965
140000.0,Barnard c,0.027398503430706274,0.03420074307823873,0.0,0.0,50.16556,6.75113
140000.0,Barnard e,0.038102929135107384,0.023441672820907294,0.0,0.0,171.76889,338.07484
145000.0,Barnard d,0.018797240062442985,0.025119893726003505,0.0,0.0,45.26645,87.37704
145000.0,Barnard b,0.022900214027551893,0.028280041530937817,0.0,0.0,30.35922,181.41812
145000.0,Barnard c,0.027400619759698236,0.028991472596270617,0.0,0.0,100.98522,271.71094
145000.0,Barnard e,0.038104562965952424,0.02605764438720841,0.0,0.0,197.26605,320.44271
150000.0,Barnard d,0.018797048471278683,0.03296222670638204,0.0,0.0,90.06687,6.9077
150000.0,Barnard b,0.022900902892757626,0.02773333210470986,0.0,0.0,67.40384,335.67718
150000.0,Barnard c,0.027401597540937947,0.020661848206347467,0.0,0.0,148.8175,204.71087
150000.0,Barnard e,0.03810107878045621,0.02941142764747478,0.0,0.0,224.20294,352.67608
155000.0,Barnard d,0.018796420799371844,0.03814080758375463,0.0,0.0,139.60337,39.93072
155000.0,Barnard b,0.022904071633980033,0.02470635547956011,0.0,0.0,104.61086,348.42385
155000.0,Barnard c,0.027396890941512,0.011051582478525638,0.0,0.0,185.11327,151.11064
155000.0,Barnard e,0.038103863448068556,0.03377160548935734,0.0,0.0,253.66119,350.88579
160000.0,Barnard d,0.018798626455027403,0.038435630849012664,0.0,0.0,189.99407,17.42739
160000.0,Barnard b,0.02290058475812452,0.02084627216503105,0.0,0.0,140.78366,55.66876
160000.0,Barnard c,0.027399526153110865,0.006051730406697415,0.0,0.0,173.88367,134.7347
160000.0,Barnard e,0.03810528902458811,0.03826913482333582,0.0,0.0,285.23084,344.92578
165000.0,Barnard d,0.018799222518446138,0.03295436665963905,0.0,0.0,242.63126,341.72378
165000.0,Barnard b,0.022900875742871696,0.01696199346054204,0.0,0.0,177.10201,98.37623
165000.0,Barnard c,0.02739968129508949,0.011956090721378309,0.0,0.0,175.18427,122.57721
165000.0,Barnard e,0.03810395941064669,0.04243757060244722,0.0,0.0,318.64269,327.76321
170000.0,Barnard d,0.01879917284435199,0.022745305815634498,0.0,0.0,306.39269,14.05047
170000.0,Barnard b,0.022898828796334432,0.01615221797496889,0.0,0.0,208.84178,329.01544
170000.0,Barnard c,0.027399084903354295,0.0184311095565941,0.0,0.0,220.73428,240.38582
170000.0,Barnard e,0.038103836752169606,0.04588306736103436,0.0,0.0,353.36054,31.86595
175000.0,Barnard d,0.018797488974081854,0.01342036068491163,0.0,0.0,26.10119,230.57592
175000.0,Barnard b,0.022901685625390317,0.016501070344972262,0.0,0.0,242.58926,341.86571
175000.0,Barnard c,0.027399567679261126,0.020515491077145225,0.0,0.0,274.28798,225.68174
175000.0,Barnard e,0.03810176839184254,0.04818204918252689,0.0,0.0,28.02075,342.59234
180000.0,Barnard d,0.01880034366037232,0.015324606034633073,0.0,0.0,177.09689,297.2562
180000.0,Barnard b,0.02289767810016301,0.016098762012246453,0.0,0.0,322.15082,304.99247
180000.0,Barnard c,0.027398420155670858,0.016914641206162522,0.0,0.0,329.07629,34.17281
180000.0,Barnard e,0.03810468713551478,0.049436114622116376,0.0,0.0,62.74309,39.63163
185000.0,Barnard d,0.018800654794716213,0.02435828050567615,0.0,0.0,263.62719,305.75665
185000.0,Barnard b,0.022898529405384102,0.008487772220393602,0.0,0.0,38.49799,145.97373
185000.0,Barnard c,0.02739773658676236,0.01271906314269354,0.0,0.0,39.05847,299.65461
185000.0,Barnard e,0.03810314961789839,0.050013175720927026,0.0,0.0,96.32714,288.7511
190000.0,Barnard d,0.01879974508231101,0.026305122223190595,0.0,0.0,320.96812,40.55851
190000.0,Barnard b,0.022899658695695487,0.006623534432244191,0.0,0.0,96.63221,198.74499
190000.0,Barnard c,0.027399196456412922,0.008566744012292066,0.0,0.0,137.86266,195.11446
190000.0,Barnard e,0.0381047833365487,0.05056396233988589,0.0,0.0,129.82845,133.25124
195000.0,Barnard d,0.018799731431574016,0.022431044836418286,0.0,0.0,13.31359,214.68326
195000.0,Barnard b,0.022899702771032995,0.0073041385832087104,0.0,0.0,147.7666,345.5709
195000.0,Barnard c,0.027397783131590723,0.011993100293731662,0.0,0.0,240.57137,137.98694
195000.0,Barnard e,0.03810210862285094,0.051143255741157766,0.0,0.0,163.27283,228.49575
200000.0,Barnard d,0.018796836258622447,0.015565734050971652,0.0,0.0,69.20383,300.46295
200000.0,Barnard b,0.022901954796786986,0.01001044812574404,0.0,0.0,213.93679,266.0122
200000.0,Barnard c,0.02740044201637971,0.017538564354885437,0.0,0.0,312.06489,137.19585
200000.0,Barnard e,0.0381024789555006,0.05146052656129906,0.0,0.0,197.44453,119.64921
205000.0,Barnard d,0.018797900998915137,0.0023362534172368574,0.0,0.0,116.29693,81.31795
205000.0,Barnard b,0.022901818631587544,0.011268945985499783,0.0,0.0,256.12714,68.10668
205000.0,Barnard c,0.02739739855157156,0.02097052115971153,0.0,0.0,8.25508,38.89022
205000.0,Barnard e,0.03810371269773517,0.05106844406719778,0.0,0.0,232.10421,234.53815
210000.0,Barnard d,0.018798332760953593,0.008333192109749312,0.0,0.0,334.07504,95.32349
210000.0,Barnard b,0.0229015876902609,0.016650379339086953,0.0,0.0,326.72824,236.44806
210000.0,Barnard c,0.027398168533184903,0.019300270154249035,0.0,0.0,67.98282,176.60265
210000.0,Barnard e,0.038103292417549235,0.049628657125443565,0.0,0.0,267.53453,347.27917
215000.0,Barnard d,0.01879826457590613,0.019573404776694003,0.0,0.0,38.71301,177.09957
215000.0,Barnard b,0.022902334515661146,0.02181874965460118,0.0,0.0,18.17283,235.60628
215000.0,Barnard c,0.027397643817651696,0.013482332911423136,0.0,0.0,127.76298,231.49346
215000.0,Barnard e,0.038102013050350894,0.0468417633580801,0.0,0.0,302.69279,68.13438
220000.0,Barnard d,0.01879711760950122,0.0280440981030375,0.0,0.0,95.98463,277.66873
220000.0,Barnard b,0.022902586612273314,0.025274438366327576,0.0,0.0,60.60181,171.79025
220000.0,Barnard c,0.027397935237940936,0.005958129873123937,0.0,0.0,179.25722,250.19178
220000.0,Barnard e,0.03810474521979985,0.04327780050025158,0.0,0.0,336.68929,34.04365
225000.0,Barnard d,0.018799004794052488,0.028520379288328106,0.0,0.0,145.29883,80.93806
225000.0,Barnard b,0.022899617348155155,0.029631629663962093,0.0,0.0,116.14666,245.50005
225000.0,Barnard c,0.027399328048282094,0.00539771203205884,0.0,0.0,42.27795,233.51976
225000.0,Barnard e,0.038103801122541754,0.039145681193053714,0.0,0.0,9.26326,0.40302
230000.0,Barnard d,0.01879833314039884,0.025816749535852574,0.0,0.0,201.8807,62.06507
230000.0,Barnard b,0.02290015367882425,0.03215133897029251,0.0,0.0,157.15609,113.25354
230000.0,Barnard c,0.027401545049979548,0.015435609906396919,0.0,0.0,105.72258,94.9554
230000.0,Barnard e,0.03810171518034424,0.03526896346527598,0.0,0.0,40.36102,53.24893
235000.0,Barnard d,0.018798996442795715,0.01921213719766822,0.0,0.0,251.22448,228.33741
235000.0,Barnard b,0.022899597937187828,0.03212346409817146,0.0,0.0,195.74154,104.60074
235000.0,Barnard c,0.027398633662418962,0.02328800930722904,0.0,0.0,162.95352,237.62202
235000.0,Barnard e,0.03810410869020725,0.03195147308161813,0.0,0.0,70.4526,53.11824
240000.0,Barnard d,0.018801266608078643,0.00792217919853393,0.0,0.0,224.16549,88.72151
240000.0,Barnard b,0.02289759029126705,0.027561896889430264,0.0,0.0,256.08362,43.32961
240000.0,Barnard c,0.027399089945272286,0.03290067781372856,0.0,0.0,214.45853,218.65014
240000.0,Barnard e,0.03810392117642476,0.028914636634641236,0.0,0.0,99.777,208.81887
245000.0,Barnard d,0.01879919378024987,0.020273007288349378,0.0,0.0,224.09,322.39698
245000.0,Barnard b,0.022902067738432966,0.021379276191318682,0.0,0.0,296.73294,254.79717
245000.0,Barnard c,0.027398845531834505,0.035026308818116886,0.0,0.0,269.21185,244.87685
245000.0,Barnard e,0.038105208849681556,0.026116840217532508,0.0,0.0,128.95477,8.46604
250000.0,Barnard d,0.01879621635178328,0.0313428847518042,0.0,0.0,259.95347,245.0121
250000.0,Barnard b,0.02290517625567969,0.02326037323560174,0.0,0.0,328.209,292.39148
250000.0,Barnard c,0.02739762001141441,0.030303720932468203,0.0,0.0,317.95132,288.23002
250000.0,Barnard e,0.038105051273634095,0.022842325199927956,0.0,0.0,156.28985,132.86331
255000.0,Barnard d,0.018798054924197522,0.039972574457391045,0.0,0.0,306.973,172.19179
255000.0,Barnard b,0.022901652870568463,0.025484008925514515,0.0,0.0,359.9341,42.35923
255000.0,Barnard c,0.027397359628164048,0.02219063854831559,0.0,0.0,2.62556,247.77886
255000.0,Barnard e,0.03810428780200413,0.01980271422120205,0.0,0.0,178.97419,199.13346
260000.0,Barnard d,0.018796149188295894,0.04786620271228007,0.0,0.0,359.37383,187.05068
260000.0,Barnard b,0.02290412622170939,0.02210550566011223,0.0,0.0,38.098,95.43465
260000.0,Barnard c,0.02739941797074142,0.01527555137026288,0.0,0.0,30.53379,176.19263
260000.0,Barnard e,0.03810479631106783,0.018172919009662367,0.0,0.0,196.17166,279.04497
265000.0,Barnard d,0.01879693305658343,0.046780050032504246,0.0,0.0,47.9132,292.74332
265000.0,Barnard b,0.02290074735967671,0.02436560482044921,0.0,0.0,79.93906,86.8029
265000.0,Barnard c,0.027400603146699426,0.014064728346776674,0.0,0.0,27.72573,69.98802
265000.0,Barnard e,0.038103807778813926,0.01922324960174125,0.0,0.0,212.37494,349.2691
270000.0,Barnard d,0.018797347425821058,0.04191514893205646,0.0,0.0,98.93032,94.24594
270000.0,Barnard b,0.022901962018258268,0.019149207604880827,0.0,0.0,120.47143,202.5622
270000.0,Barnard c,0.02739831738936944,0.02334708038617068,0.0,0.0,56.12499,36.95443
270000.0,Barnard e,0.0381030139082877,0.02257312932807041,0.0,0.0,233.14747,48.91475
275000.0,Barnard d,0.018797155001046412,0.03262796604007213,0.0,0.0,148.45267,295.09486
275000.0,Barnard b,0.022903787071597473,0.013272882711828318,0.0,0.0,148.97982,242.96639
275000.0,Barnard c,0.027398480265419474,0.03152321061197516,0.0,0.0,101.82428,259.38013
275000.0,Barnard e,0.0381000808958534,0.026705744241330202,0.0,0.0,260.52433,307.6367
280000.0,Barnard d,0.018798439128354577,0.02069925916635831,0.0,0.0,181.74492,23.84996
280000.0,Barnard b,0.022901902806744916,0.009229399274336981,0.0,0.0,174.57241,169.12157
280000.0,Barnard c,0.02739774981149115,0.036357394636146116,0.0,0.0,152.85863,163.42685
280000.0,Barnard e,0.03810410958025531,0.030711455410791587,0.0,0.0,290.77843,61.27771
285000.0,Barnard d,0.018797927613708056,0.016474074100617325,0.0,0.0,188.10901,98.01367
285000.0,Barnard b,0.022902497333785122,0.0072088995517622665,0.0,0.0,182.03171,336.35611
285000.0,Barnard c,0.027396364816934908,0.03628503232940793,0.0,0.0,205.67569,197.83486
285000.0,Barnard e,0.03810421994003654,0.03382937160874498,0.0,0.0,322.47037,148.79094
290000.0,Barnard d,0.01879944680803872,0.021782311911162384,0.0,0.0,207.48862,136.99609
290000.0,Barnard b,0.02290146305650067,0.01076775714611379,0.0,0.0,192.64726,169.19151
290000.0,Barnard c,0.02739805163025444,0.03129865719213156,0.0,0.0,260.76852,142.49109
290000.0,Barnard e,0.0381010034834816,0.036772205734416356,0.0,0.0,353.57114,177.3497
295000.0,Barnard d,0.018798556502683902,0.02869658126857749,0.0,0.0,248.84134,343.27332
295000.0,Barnard b,0.02290263329812521,0.013541384234300045,0.0,0.0,223.64351,66.28898
295000.0,Barnard c,0.02739532811749678,0.023334488692365946,0.0,0.0,315.562,132.15892
295000.0,Barnard e,0.038103952059299596,0.039773922603675224,0.0,0.0,25.06664,114.15236
300000.0,Barnard d,0.01879655754357869,0.03338045061501452,0.0,0.0,302.2507,48.23762
300000.0,Barnard b,0.022902462679339184,0.015768481174123165,0.0,0.0,258.57359,158.26822
300000.0,Barnard c,0.02739942624899492,0.012722483497790633,0.0,0.0,16.52009,226.10653
300000.0,Barnard e,0.03810322276988168,0.04302419366611778,0.0,0.0,56.82559,220.38188
305000.0,Barnard d,0.01879941829435654,0.0315978223355882,0.0,0.0,358.25536,55.17083
305000.0,Barnard b,0.022898197195988346,0.015197886188813604,0.0,0.0,297.1712,254.12924
305000.0,Barnard c,0.02739971093532103,0.0026248636497788248,0.0,0.0,79.52288,178.26701
305000.0,Barnard e,0.03810431867829864,0.04661061394173298,0.0,0.0,90.0327,83.16239
310000.0,Barnard d,0.018800187704413895,0.025644335156720682,0.0,0.0,64.80176,206.38956
310000.0,Barnard b,0.022900358199696883,0.014270127043171163,0.0,0.0,335.69739,309.29378
310000.0,Barnard c,0.027396934720826573,0.006656057903474084,0.0,0.0,307.18392,180.38711
310000.0,Barnard e,0.038102456004081,0.04953497399578841,0.0,0.0,124.52606,232.90085
315000.0,Barnard d,0.018796367809924535,0.019649283053556198,0.0,0.0,143.45502,218.07813
315000.0,Barnard b,0.02290352031251966,0.013677133661772672,0.0,0.0,9.21332,127.55076
315000.0,Barnard c,0.02739813607997942,0.011548015355497501,0.0,0.0,8.84282,276.96327
315000.0,Barnard e,0.038102893108966376,0.05160434364076621,0.0,0.0,159.53419,355.28319
320000.0,Barnard d,0.01879906378741991,0.01774685577045602,0.0,0.0,236.00987,304.75928
320000.0,Barnard b,0.022901906990007603,0.013493850188778408,0.0,0.0,45.10991,138.61261
320000.0,Barnard c,0.02739791257093755,0.01177827053329784,0.0,0.0,77.90353,278.35941
320000.0,Barnard e,0.038102090150076616,0.05211458011242405,0.0,0.0,194.92431,350.34342
325000.0,Barnard d,0.018797305278304182,0.021564020629819478,0.0,0.0,323.40762,16.10565
325000.0,Barnard b,0.02290260414008686,0.011125055983035226,0.0,0.0,87.85382,351.92704
325000.0,Barnard c,0.027397690052279797,0.01030795338998605,0.0,0.0,157.41087,109.2976
325000.0,Barnard e,0.0381041442205976,0.05171664056282049,0.0,0.0,229.62372,165.5492
330000.0,Barnard d,0.01879973261158825,0.024448654355332052,0.0,0.0,33.18309,214.17766
330000.0,Barnard b,0.022903608847133508,0.00883920247569228,0.0,0.0,134.11417,185.94583
330000.0,Barnard c,0.027395308324121483,0.010551334742561955,0.0,0.0,261.77445,55.17349
330000.0,Barnard e,0.038104087259304996,0.050697774928013854,0.0,0.0,263.42935,302.87512
335000.0,Barnard d,0.01879989549257261,0.023222124388667994,0.0,0.0,93.29747,43.19335
335000.0,Barnard b,0.02290056260878966,0.005486191352262413,0.0,0.0,191.92722,162.79798
335000.0,Barnard c,0.027396703852032196,0.016006829668071536,0.0,0.0,349.17018,142.72549
335000.0,Barnard e,0.03810395051443577,0.04954081166260226,0.0,0.0,296.86193,88.15645
340000.0,Barnard d,0.018799632481860507,0.01713089780534299,0.0,0.0,148.57366,348.46428
340000.0,Barnard b,0.022901712064720386,0.0046691232310093695,0.0,0.0,318.70697,154.19084
340000.0,Barnard c,0.02739759716523677,0.02230292161773165,0.0,0.0,60.72826,85.85837
340000.0,Barnard e,0.038104568685316295,0.048537136404266386,0.0,0.0,330.1628,248.27371
345000.0,Barnard d,0.01879855817442972,0.007662878359293824,0.0,0.0,170.40636,8.10286
345000.0,Barnard b,0.022899193476312887,0.005913905779111596,0.0,0.0,22.78185,177.81707
345000.0,Barnard c,0.0274007756291301,0.027703795843356804,0.0,0.0,116.44301,325.26283
345000.0,Barnard e,0.03810281819153693,0.047265919486582174,0.0,0.0,4.17411,343.00584
350000.0,Barnard d,0.018799332068144454,0.011087593786781777,0.0,0.0,136.9976,76.38705
350000.0,Barnard b,0.022900281200205163,0.012356247023342204,0.0,0.0,85.81586,119.57402
350000.0,Barnard c,0.027398935326790313,0.0273304497382571,0.0,0.0,174.90215,141.07447
350000.0,Barnard e,0.03810373656324793,0.045247267849075255,0.0,0.0,38.6347,306.2552
355000.0,Barnard d,0.01879965207376557,0.022528081464958976,0.0,0.0,170.02199,38.59223
355000.0,Barnard b,0.02290107491246607,0.01850853622742285,0.0,0.0,141.3502,61.35146
355000.0,Barnard c,0.027398694138675114,0.022545300769896755,0.0,0.0,229.26219,37.95588
355000.0,Barnard e,0.038101322594057505,0.041983203434310654,0.0,0.0,73.3125,25.34472
360000.0,Barnard d,0.018797321890606247,0.027860829340149787,0.0,0.0,219.83546,14.41593
360000.0,Barnard b,0.022902965212607644,0.029386354880138833,0.0,0.0,198.19788,344.7681
360000.0,Barnard c,0.02739694402781047,0.01241922927790992,0.0,0.0,284.03763,101.23772
360000.0,Barnard e,0.03810437773121856,0.03782369023068155,0.0,0.0,107.31066,14.97962
365000.0,Barnard d,0.018797936167259843,0.03137017911183735,0.0,0.0,271.09639,258.6199
365000.0,Barnard b,0.022905504340317236,0.03411265974334158,0.0,0.0,249.63553,141.09118
365000.0,Barnard c,0.027394929625061844,0.0028467540224303392,0.0,0.0,246.55181,148.28569
365000.0,Barnard e,0.03810275340943107,0.03301656353777215,0.0,0.0,138.90934,137.50725
370000.0,Barnard d,0.018798183681190163,0.027834447448659764,0.0,0.0,313.99274,71.23193
370000.0,Barnard b,0.022902461348538107,0.03394534052669258,0.0,0.0,309.51634,339.11908
370000.0,Barnard c,0.02739627896466886,0.017538516547696,0.0,0.0,242.57921,249.45957
370000.0,Barnard e,0.038103345439373236,0.02867770626674804,0.0,0.0,167.46869,356.25478
375000.0,Barnard d,0.018800329735232043,0.02776615305991273,0.0,0.0,350.08529,347.28107
375000.0,Barnard b,0.022896556267398237,0.017848890338070182,0.0,0.0,10.0715,328.97151
375000.0,Barnard c,0.02740281543460924,0.0339354801268815,0.0,0.0,303.46141,120.17027
375000.0,Barnard e,0.03810155753934083,0.025657548720851388,0.0,0.0,193.83696,348.76281
380000.0,Barnard d,0.018799205152434738,0.01992365380065543,0.0,0.0,36.51802,233.87973
380000.0,Barnard b,0.022899378178772068,0.016306843057378385,0.0,0.0,338.66415,27.55727
380000.0,Barnard c,0.027400474163864468,0.038398622225068124,0.0,0.0,7.76499,16.9919
380000.0,Barnard e,0.038100707321483226,0.02344924161921838,0.0,0.0,220.15966,336.05536
385000.0,Barnard d,0.018796553425181665,0.010054643929756047,0.0,0.0,16.77578,128.20564
385000.0,Barnard b,0.022902731495020402,0.03453895791008198,0.0,0.0,30.68066,35.79022
385000.0,Barnard c,0.027399564741332094,0.03151608292182274,0.0,0.0,63.71638,297.40463
385000.0,Barnard e,0.038101382369532706,0.021187676386494884,0.0,0.0,245.77154,318.75609
390000.0,Barnard d,0.018798821519331453,0.03288261634160608,0.0,0.0,40.0053,277.93718
390000.0,Barnard b,0.02289900884541596,0.031831911010546374,0.0,0.0,93.67262,22.05268
390000.0,Barnard c,0.0274000023756102,0.023294167047604303,0.0,0.0,106.21629,288.62288
390000.0,Barnard e,0.03810238331854877,0.019171877553313805,0.0,0.0,267.61732,290.89225
395000.0,Barnard d,0.01879841180893663,0.04679865328755926,0.0,0.0,98.53118,112.74494
395000.0,Barnard b,0.022900998202706736,0.02223526646449883,0.0,0.0,139.19428,12.17661
395000.0,Barnard c,0.02740010797406798,0.01615885906075025,0.0,0.0,133.51297,87.05693
395000.0,Barnard e,0.03810069534210394,0.01868615718435559,0.0,0.0,284.36532,85.03553
400000.0,Barnard d,0.01879808435156138,0.047795747855489776,0.0,0.0,149.90195,45.04858
400000.0,Barnard b,0.022902372351886947,0.020192051420863173,0.0,0.0,178.43996,61.09812
400000.0,Barnard c,0.02739934536376814,0.014405998551990443,0.0,0.0,137.72481,68.3649
400000.0,Barnard e,0.03810295902241108,0.02087638360876308,0.0,0.0,302.86026,175.60129
405000.0,Barnard d,0.018797370633190914,0.04238649447805409,0.0,0.0,198.51487,148.69217
405000.0,Barnard b,0.022903874330015086,0.018524663927484007,0.0,0.0,220.11518,68.98602
405000.0,Barnard c,0.027396204738768033,0.021005324999236193,0.0,0.0,157.41538,304.76756
405000.0,Barnard e,0.03810207283453576,0.024900537200683612,0.0,0.0,326.62476,203.03585
410000.0,Barnard d,0.018797664442089943,0.03285846043997748,0.0,0.0,245.04865,192.91975
410000.0,Barnard b,0.02289999184735839,0.01602059140065689,0.0,0.0,262.86298,144.54233
410000.0,Barnard c,0.02740176927243739,0.029154798117930196,0.0,0.0,196.40584,141.85916
410000.0,Barnard e,0.03810131107984352,0.029412673797445908,0.0,0.0,355.8444,214.27703
415000.0,Barnard d,0.018797665735616018,0.020083970520314177,0.0,0.0,278.43987,271.17713
415000.0,Barnard b,0.0229007151728365,0.014378856490476178,0.0,0.0,305.12352,323.75725
415000.0,Barnard c,0.027400206261560273,0.033772397971938144,0.0,0.0,243.73822,99.58671
415000.0,Barnard e,0.038101035618314794,0.03337645413210654,0.0,0.0,27.35863,88.25194
420000.0,Barnard d,0.018797571020444586,0.013377569418020648,0.0,0.0,286.51079,103.91404
420000.0,Barnard b,0.022903523647190473,0.008165053194442235,0.0,0.0,332.39604,357.28654
420000.0,Barnard c,0.027398774325111234,0.03517177813714364,0.0,0.0,297.88808,50.79463
420000.0,Barnard e,0.03810537717460748,0.03681852386059254,0.0,0.0,59.90673,316.17014
425000.0,Barnard d,0.018797389085596115,0.016774607582141866,0.0,0.0,311.99573,311.491
425000.0,Barnard b,0.022901984154152327,0.010837468541227992,0.0,0.0,279.97569,104.59123
425000.0,Barnard c,0.027399144277718755,0.03165458979388693,0.0,0.0,359.61483,97.86843
425000.0,Barnard e,0.0381023984359513,0.039281260687226725,0.0,0.0,92.8132,355.85945
430000.0,Barnard d,0.01879880670150166,0.016940027461710656,0.0,0.0,337.82178,85.52707
430000.0,Barnard b,0.02290170232253344,0.0264340034096049,0.0,0.0,344.5939,93.81547
430000.0,Barnard c,0.02739706407210797,0.019555761055761452,0.0,0.0,73.27441,133.46594
430000.0,Barnard e,0.03810513457472543,0.04186163778165016,0.0,0.0,124.8065,27.42757
435000.0,Barnard d,0.018799680829655878,0.021557688983900133,0.0,0.0,18.85023,244.29767
435000.0,Barnard b,0.022902186956163775,0.02686734618560952,0.0,0.0,48.28284,212.99534
435000.0,Barnard c,0.027395975147271455,0.007768488423144349,0.0,0.0,162.43805,309.58082
435000.0,Barnard e,0.03810305363789139,0.04494875107856656,0.0,0.0,157.05227,335.88728
440000.0,Barnard d,0.018798363244756228,0.01869072942674579,0.0,0.0,79.46047,222.0994
440000.0,Barnard b,0.022899733499063425,0.02397755907155721,0.0,0.0,96.5628,1.23349
440000.0,Barnard c,0.02739984864579008,0.008282996590160704,0.0,0.0,297.10478,37.02959
440000.0,Barnard e,0.03810359803930631,0.04808753961037136,0.0,0.0,190.71214,52.99922
445000.0,Barnard d,0.018797029889038842,0.011182652873734331,0.0,0.0,140.36069,282.44231
445000.0,Barnard b,0.022902223365224777,0.01913849269960598,0.0,0.0,154.84592,161.8277
445000.0,Barnard c,0.027398540199699426,0.01417765749364308,0.0,0.0,22.85308,227.50675
445000.0,Barnard e,0.038103213735900886,0.05086578988809766,0.0,0.0,225.37699,290.07809
450000.0,Barnard d,0.018797208759681303,0.00297442969669376,0.0,0.0,274.71069,359.05367
450000.0,Barnard b,0.022900833582527265,0.014517764205075792,0.0,0.0,220.552,88.30104
450000.0,Barnard c,0.02740211092129237,0.01772505850837493,0.0,0.0,90.66764,145.86871
450000.0,Barnard e,0.03810556488981906,0.05239058041109391,0.0,0.0,261.17829,35.41873
455000.0,Barnard d,0.01879769795341326,0.011992679351601835,0.0,0.0,40.16102,156.43421
455000.0,Barnard b,0.022903501011806417,0.010596501746567835,0.0,0.0,294.30949,228.08842
455000.0,Barnard c,0.027398567838098593,0.016799160792756954,0.0,0.0,158.02551,28.41744
455000.0,Barnard e,0.03810379368731376,0.05259309036045275,0.0,0.0,296.71804,358.92652
460000.0,Barnard d,0.01879903251058374,0.020334182507946205,0.0,0.0,102.07731,295.06417
460000.0,Barnard b,0.022900246791743625,0.009949427587200417,0.0,0.0,10.88197,101.07542
460000.0,Barnard c,0.027398373753433628,0.012163899558467427,0.0,0.0,229.15312,109.80961
460000.0,Barnard e,0.038103931950069364,0.05166263487758231,0.0,0.0,331.58055,154.70955
465000.0,Barnard d,0.018798925299378856,0.025064673684031286,0.0,0.0,163.30563,133.63378
465000.0,Barnard b,0.022899554111061895,0.01305777377836432,0.0,0.0,76.82018,343.38347
465000.0,Barnard c,0.027400109368996978,0.008913864802866158,0.0,0.0,327.56609,331.62679
465000.0,Barnard e,0.03810170563974329,0.0501529317432621,0.0,0.0,5.63268,138.25492
470000.0,Barnard d,0.018799983517389016,0.02212791412959032,0.0,0.0,226.89001,192.61763
470000.0,Barnard b,0.022897050376408403,0.017195672449162053,0.0,0.0,136.18864,19.63837
470000.0,Barnard c,0.027400618149879905,0.011998660915281364,0.0,0.0,72.75723,141.5794
470000.0,Barnard e,0.03810428315079338,0.04871328132650923,0.0,0.0,39.07146,56.23738
475000.0,Barnard d,0.018796542774197914,0.018484781529252772,0.0,0.0,287.48271,124.83612
475000.0,Barnard b,0.02290354160376299,0.01878501086066591,0.0,0.0,168.86251,31.78968
475000.0,Barnard c,0.027398712847628452,0.017759677378621525,0.0,0.0,153.40863,24.95033
475000.0,Barnard e,0.038103033348594335,0.047242299057787304,0.0,0.0,72.44297,179.14987
480000.0,Barnard d,0.018799739008589243,0.00819202121200478,0.0,0.0,12.96606,197.10858
480000.0,Barnard b,0.022899185228873683,0.021915552738553598,0.0,0.0,213.83233,92.66885
480000.0,Barnard c,0.027398466928514636,0.021036391573113083,0.0,0.0,215.54547,292.44473
480000.0,Barnard e,0.0381029072178978,0.04579745156636057,0.0,0.0,106.35498,207.88989
485000.0,Barnard d,0.0187960902269684,0.012055431406301704,0.0,0.0,158.67344,130.61344
485000.0,Barnard b,0.02290393279599485,0.025943111794953913,0.0,0.0,258.21097,350.61962
485000.0,Barnard c,0.02740014493319415,0.020566370352159653,0.0,0.0,273.56152,37.5469
485000.0,Barnard e,0.0381034657759217,0.04344440147728896,0.0,0.0,140.81776,228.16273
490000.0,Barnard d,0.018796625572915504,0.02097997500855116,0.0,0.0,237.03234,17.33803
490000.0,Barnard b,0.02290331489704869,0.0290485376375426,0.0,0.0,293.81302,213.72088
490000.0,Barnard c,0.027398849502663938,0.016265118590690016,0.0,0.0,329.09196,217.24479
490000.0,Barnard e,0.03810227871262777,0.040249061774764866,0.0,0.0,175.47381,206.07892
495000.0,Barnard d,0.018797803599401308,0.03297417835808304,0.0,0.0,299.44728,35.77979
495000.0,Barnard b,0.022902620478507718,0.02897494459930084,0.0,0.0,342.23554,82.15128
495000.0,Barnard c,0.02739834321017227,0.007474178935232493,0.0,0.0,356.27995,41.08333
495000.0,Barnard e,0.03810271093714576,0.03575382194010221,0.0,0.0,208.81044,295.76664
500000.0,Barnard d,0.01879745237964843,0.039049371067281194,0.0,0.0,355.7843,181.92017
500000.0,Barnard b,0.02290325480579657,0.025934780175993183,0.0,0.0,31.25302,70.73831
500000.0,Barnard c,0.027397881667707253,0.011049657132188563,0.0,0.0,321.95251,109.37234
500000.0,Barnard e,0.03810246819971936,0.03092333029566303,0.0,0.0,239.97021,120.5022
505000.0,Barnard d,0.018796543462027332,0.03892479514265751,0.0,0.0,49.60974,14.08826
505000.0,Barnard b,0.02290431048506525,0.0203360909246645,0.0,0.0,74.63965,256.77106
505000.0,Barnard c,0.027399858407103534,0.023295817525089947,0.0,0.0,358.39689,345.90919
505000.0,Barnard e,0.03810363770123099,0.02683706585257403,0.0,0.0,267.62562,74.45733
510000.0,Barnard d,0.018797377090942296,0.031098727089326046,0.0,0.0,93.79463,117.58857
510000.0,Barnard b,0.02290236951545102,0.018148850963100847,0.0,0.0,111.01718,242.08324
510000.0,Barnard c,0.027398165471541888,0.032177553801994115,0.0,0.0,46.08912,254.22461
510000.0,Barnard e,0.03810292230072984,0.024055082927523733,0.0,0.0,292.87983,147.5826
515000.0,Barnard d,0.01879815155343692,0.02078605629820015,0.0,0.0,120.67453,190.73373
515000.0,Barnard b,0.022900911802032083,0.017765730785141976,0.0,0.0,148.09767,29.59474
515000.0,Barnard c,0.027399768169801025,0.03830060441675642,0.0,0.0,95.59301,61.61899
515000.0,Barnard e,0.03810372221820483,0.022064156658842978,0.0,0.0,317.36111,227.42835
520000.0,Barnard d,0.018796809162455387,0.021323354046593673,0.0,0.0,131.00422,270.3539
520000.0,Barnard b,0.022901877012643058,0.012636022970755566,0.0,0.0,170.54751,323.95451
520000.0,Barnard c,0.027399783697550088,0.04028205781641182,0.0,0.0,149.94329,177.74761
520000.0,Barnard e,0.038103391317511864,0.020899221780125835,0.0,0.0,341.46665,121.2342
525000.0,Barnard d,0.018798684531717572,0.03035272311561664,0.0,0.0,156.63228,154.82453
525000.0,Barnard b,0.02290169504540341,0.013095953669736433,0.0,0.0,192.24503,317.2655
525000.0,Barnard c,0.02739691389802683,0.0361895809607472,0.0,0.0,200.69617,118.21284
525000.0,Barnard e,0.03810390306945072,0.02012625971390777,0.0,0.0,4.77208,48.55241
530000.0,Barnard d,0.018796381042030623,0.041715441340246844,0.0,0.0,200.34523,37.46637
530000.0,Barnard b,0.022903938087870408,0.01422555194382253,0.0,0.0,215.8469,271.29358
530000.0,Barnard c,0.027397691816089285,0.02772097969296108,0.0,0.0,249.63136,126.02335
530000.0,Barnard e,0.038102962504510736,0.02004496829180097,0.0,0.0,24.95717,8.34778
535000.0,Barnard d,0.01879968308242845,0.04592288658416263,0.0,0.0,255.40523,73.8506
535000.0,Barnard b,0.02289879228899944,0.01960909142241193,0.0,0.0,236.38788,295.98864
535000.0,Barnard c,0.02739902401251341,0.016998570108894558,0.0,0.0,289.21863,328.05498
535000.0,Barnard e,0.038102011516299154,0.021852693272458663,0.0,0.0,44.93727,62.90658
540000.0,Barnard d,0.018798962277805118,0.045313311119606,0.0,0.0,309.05146,108.18341
540000.0,Barnard b,0.022898727984018697,0.022139013811342926,0.0,0.0,271.53967,242.45492
540000.0,Barnard c,0.027400501990953605,0.011863641809334871,0.0,0.0,296.63676,294.47732
540000.0,Barnard e,0.03810291586424148,0.025651112020671364,0.0,0.0,69.0824,156.07595
545000.0,Barnard d,0.018800994774167974,0.03845993387899818,0.0,0.0,4.46587,120.18417
545000.0,Barnard b,0.02289881013401726,0.022372186741278374,0.0,0.0,308.5404,179.72582
545000.0,Barnard c,0.027397513988949906,0.01821599321509996,0.0,0.0,309.6548,343.69721
545000.0,Barnard e,0.038104482788980376,0.030408017942722,0.0,0.0,98.28327,329.6485
550000.0,Barnard d,0.01879792563274093,0.025481012467424444,0.0,0.0,63.12019,38.9728
550000.0,Barnard b,0.02290187023849588,0.024056210363192974,0.0,0.0,347.19525,136.50137
550000.0,Barnard c,0.027398290940056625,0.02503245394920325,0.0,0.0,351.88585,345.88084
550000.0,Barnard e,0.038103295735233265,0.03469493208895951,0.0,0.0,130.4258,53.0039
555000.0,Barnard d,0.01879787537729289,0.011583640758750246,0.0,0.0,119.39907,302.21235
555000.0,Barnard b,0.02290345000682469,0.02421637226750287,0.0,0.0,20.89257,133.03726
555000.0,Barnard c,0.02739755494630512,0.028033615193218966,0.0,0.0,46.40995,97.18496
555000.0,Barnard e,0.038106281718878206,0.03810100415623297,0.0,0.0,164.03519,288.48776
560000.0,Barnard d,0.018798706057395167,0.00502228753571751,0.0,0.0,337.68909,91.08844
560000.0,Barnard b,0.022899257001538654,0.025504147613883213,0.0,0.0,65.29781,81.78917
560000.0,Barnard c,0.02739981044154729,0.025777701595171294,0.0,0.0,103.89948,131.4281
560000.0,Barnard e,0.03810231452089592,0.04047852724889641,0.0,0.0,197.67104,124.24208
565000.0,Barnard d,0.0187962569261475,0.013005617561499974,0.0,0.0,48.20444,90.98842
565000.0,Barnard b,0.022902678813989788,0.02685721058191047,0.0,0.0,99.57293,79.79682
565000.0,Barnard c,0.027402430746277177,0.02032234161792317,0.0,0.0,168.18867,41.72625
565000.0,Barnard e,0.038103143903071256,0.04283737825940931,0.0,0.0,230.23268,341.2543
570000.0,Barnard d,0.01879885002076567,0.018949474015506455,0.0,0.0,108.11444,19.48498
570000.0,Barnard b,0.022900825461553767,0.025376708261375648,0.0,0.0,145.25069,95.46996
570000.0,Barnard c,0.027397671999271612,0.012232929671362452,0.0,0.0,240.0474,59.87346
570000.0,Barnard e,0.03810301584738291,0.045317404573724115,0.0,0.0,263.05881,239.25868
575000.0,Barnard d,0.018798315279871795,0.021221820581075943,0.0,0.0,164.95982,221.87083
575000.0,Barnard b,0.022900182984161726,0.022197539631424058,0.0,0.0,202.45979,147.17182
575000.0,Barnard c,0.02740082847618822,0.007619491398179629,0.0,0.0,1.6036,73.62562
575000.0,Barnard e,0.03810195841569739,0.048004502986021574,0.0,0.0,296.18615,200.32669
580000.0,Barnard d,0.01879824180136997,0.01591284906097347,0.0,0.0,225.98611,31.21917
580000.0,Barnard b,0.02290101090082139,0.017105828419575874,0.0,0.0,265.25562,83.16261
580000.0,Barnard c,0.027398719022121442,0.012573483280941012,0.0,0.0,112.2918,295.11006
580000.0,Barnard e,0.03810172090571584,0.0507963445344908,0.0,0.0,330.74135,221.33933
585000.0,Barnard d,0.018797198051119998,0.005925188333676558,0.0,0.0,293.25714,12.02637
585000.0,Barnard b,0.02290266765698755,0.013559552322940368,0.0,0.0,332.3021,128.5031
585000.0,Barnard c,0.027398236096927354,0.016727241454803865,0.0,0.0,181.66156,235.60739
585000.0,Barnard e,0.03810208044736356,0.05252463128273688,0.0,0.0,6.27105,223.25385
590000.0,Barnard d,0.018798803479573453,0.007347550435613141,0.0,0.0,125.08784,121.07466
590000.0,Barnard b,0.022900391460950808,0.010956185398111598,0.0,0.0,41.09656,236.23043
590000.0,Barnard c,0.027399351172037782,0.016935170954952717,0.0,0.0,245.63141,265.327
590000.0,Barnard e,0.03810084879387292,0.05271277797853801,0.0,0.0,42.09889,311.39241
595000.0,Barnard d,0.01879856002982702,0.018033814914950187,0.0,0.0,197.41731,294.56363
595000.0,Barnard b,0.022899283653030574,0.01168000315186437,0.0,0.0,116.32319,280.44008
595000.0,Barnard c,0.02740118313370534,0.01360157769819992,0.0,0.0,316.83006,56.33276
595000.0,Barnard e,0.03810186306255216,0.05188787255102349,0.0,0.0,77.35581,103.77103
600000.0,Barnard d,0.018799823795719085,0.02540679790566739,0.0,0.0,256.05313,65.4519
600000.0,Barnard b,0.022898647043004473,0.012174355753774459,0.0,0.0,172.47034,97.87065
600000.0,Barnard c,0.027398634414143922,0.007647339689389688,0.0,0.0,48.26384,77.28871
600000.0,Barnard e,0.0381038665585018,0.05021949940157691,0.0,0.0,111.82358,215.02171
605000.0,Barnard d,0.018803386697414343,0.025412717602101342,0.0,0.0,318.48311,181.21429
605000.0,Barnard b,0.022895562578316757,0.015417032247648692,0.0,0.0,230.30138,272.70887
605000.0,Barnard c,0.0273981646737416,0.01015659517545282,0.0,0.0,172.03204,157.12567
605000.0,Barnard e,0.0381030808277871,0.04840504091060238,0.0,0.0,145.40502,119.75744
610000.0,Barnard d,0.01879962230582757,0.01645491189467389,0.0,0.0,31.00693,60.33091
610000.0,Barnard b,0.022897702877214998,0.020652548103237384,0.0,0.0,289.64432,35.08958
610000.0,Barnard c,0.027400507441711842,0.017347739092671424,0.0,0.0,248.63536,24.21088
610000.0,Barnard e,0.0381035286105391,0.04676418336039033,0.0,0.0,178.60465,166.7913
615000.0,Barnard d,0.018799416664055844,0.006352287915845533,0.0,0.0,222.74289,14.76287
615000.0,Barnard b,0.022899623703986762,0.017567466539225217,0.0,0.0,6.39898,268.84328
615000.0,Barnard c,0.027398333665747378,0.02526085270457053,0.0,0.0,312.62809,131.54824
615000.0,Barnard e,0.038104213524998334,0.045550179280230974,0.0,0.0,212.44995,65.3018
620000.0,Barnard d,0.018796398963718083,0.021446979869005105,0.0,0.0,302.27592,109.9787
620000.0,Barnard b,0.022903048822957395,0.013544581877998207,0.0,0.0,44.11544,233.01009
620000.0,Barnard c,0.027399574047629112,0.024970523459097532,0.0,0.0,12.93712,215.53796
620000.0,Barnard e,0.038102948474924785,0.04331594351069666,0.0,0.0,247.26681,353.84766
625000.0,Barnard d,0.018796747138165266,0.03478876012586434,0.0,0.0,5.04126,74.35671
625000.0,Barnard b,0.02290498257925948,0.009538685339278123,0.0,0.0,64.64732,341.12974
625000.0,Barnard c,0.027398615810187474,0.02026493539825314,0.0,0.0,64.36128,328.94772
625000.0,Barnard e,0.03810199227538977,0.039933362909725365,0.0,0.0,281.97443,264.00094
630000.0,Barnard d,0.018799568121160567,0.042895516514923286,0.0,0.0,62.27828,273.17052
630000.0,Barnard b,0.022898623019064278,0.01092495714932695,0.0,0.0,76.99422,50.04879
630000.0,Barnard c,0.02739946512907981,0.01274893470256467,0.0,0.0,95.53712,203.85721
630000.0,Barnard e,0.03810234689539265,0.0353973180998769,0.0,0.0,315.29031,106.60364
635000.0,Barnard d,0.018798342358630662,0.045613125157568137,0.0,0.0,120.96124,35.52873
635000.0,Barnard b,0.022903219056433805,0.014473971405410076,0.0,0.0,93.31414,358.96755
635000.0,Barnard c,0.027397544998828335,0.012122449514282915,0.0,0.0,93.82883,347.45082
635000.0,Barnard e,0.0381026561953102,0.03096094149431824,0.0,0.0,346.15542,1.27154
640000.0,Barnard d,0.018799897228156646,0.04094928732933053,0.0,0.0,175.47423,335.78427
640000.0,Barnard b,0.02290222008447944,0.01817134222889214,0.0,0.0,125.8347,87.14172
640000.0,Barnard c,0.027397123813173944,0.02119346220424512,0.0,0.0,120.1443,85.20203
640000.0,Barnard e,0.03810558041188795,0.026993090535790625,0.0,0.0,13.75247,175.46036
645000.0,Barnard d,0.018800062049434563,0.029821513296454556,0.0,0.0,228.36797,23.00288
645000.0,Barnard b,0.02289920245288638,0.022912267375007504,0.0,0.0,161.84872,56.03354
645000.0,Barnard c,0.027398229116337436,0.02989950277490166,0.0,0.0,166.21883,189.26199
645000.0,Barnard e,0.03810266937870843,0.02433847419225083,0.0,0.0,39.77897,348.13737
650000.0,Barnard d,0.018800999964592308,0.015608718740955183,0.0,0.0,268.1772,350.9981
650000.0,Barnard b,0.022899038021493,0.027048624230597926,0.0,0.0,198.7447,41.75486
650000.0,Barnard c,0.02739975472152104,0.034815385343667064,0.0,0.0,218.88405,4.2894
650000.0,Barnard e,0.03810475274854923,0.022326122720797238,0.0,0.0,65.20447,212.51972
655000.0,Barnard d,0.018798254416084237,0.010971764780347304,0.0,0.0,257.66359,230.7692
655000.0,Barnard b,0.022902192083086498,0.03065999879459652,0.0,0.0,233.41766,124.7628
655000.0,Barnard c,0.027397636493343664,0.034305171536226774,0.0,0.0,272.72339,209.35242
655000.0,Barnard e,0.038103933122821926,0.020945725773190836,0.0,0.0,90.25232,70.21837
660000.0,Barnard d,0.018796746187204266,0.020647791686517945,0.0,0.0,256.0455,90.41056
660000.0,Barnard b,0.02290073361385229,0.0369945507072603,0.0,0.0,283.25832,290.25371
660000.0,Barnard c,0.02740167562258043,0.026499535144335017,0.0,0.0,325.56688,314.44401
660000.0,Barnard e,0.03810229533418909,0.019590058855332004,0.0,0.0,112.58147,301.57412
665000.0,Barnard d,0.018797411223938083,0.030532297634784253,0.0,0.0,304.27915,274.16434
665000.0,Barnard b,0.022900218575656595,0.03922905141138013,0.0,0.0,329.12288,138.98206
665000.0,Barnard c,0.02740057131837873,0.015082750525234613,0.0,0.0,10.20731,14.86309
665000.0,Barnard e,0.03810266817386663,0.01956247257501239,0.0,0.0,131.76165,118.02719
670000.0,Barnard d,0.018798293289098073,0.034788433857681635,0.0,0.0,358.8302,246.96009
670000.0,Barnard b,0.022901715673641118,0.037562370244258396,0.0,0.0,12.40629,190.51299
670000.0,Barnard c,0.027398144293151742,0.006593963860656434,0.0,0.0,6.65356,137.18756
670000.0,Barnard e,0.038103226840248444,0.021951109179756696,0.0,0.0,151.37848,292.41615
675000.0,Barnard d,0.018798599844887513,0.032999891459648684,0.0,0.0,48.21765,253.76913
675000.0,Barnard b,0.02289892512737877,0.03354545362719836,0.0,0.0,63.13664,96.8652
675000.0,Barnard c,0.027400330612876146,0.01555101657224921,0.0,0.0,354.67505,81.68486
675000.0,Barnard e,0.03810246741846406,0.025890548532482478,0.0,0.0,176.48028,181.94938
680000.0,Barnard d,0.018798721965346835,0.0246418557207577,0.0,0.0,95.59951,53.4275
680000.0,Barnard b,0.022898499689605986,0.026021332801042914,0.0,0.0,111.63877,221.99776
680000.0,Barnard c,0.02740037339383075,0.027351815619775427,0.0,0.0,42.86072,214.87471
680000.0,Barnard e,0.03810432522567133,0.030686813222791137,0.0,0.0,206.56582,336.16949
685000.0,Barnard d,0.018799294965594855,0.01483553318905001,0.0,0.0,123.65219,189.20179
685000.0,Barnard b,0.022897879773188485,0.017951441317901558,0.0,0.0,157.42231,138.99649
685000.0,Barnard c,0.027401872182852116,0.033720859876829226,0.0,0.0,96.76226,325.35159
685000.0,Barnard e,0.03810256705021629,0.034444761152426,0.0,0.0,239.29932,201.57058
690000.0,Barnard d,0.018798521047642378,0.014284342730595078,0.0,0.0,122.52798,318.5995
690000.0,Barnard b,0.022901160790468316,0.009210758973303507,0.0,0.0,187.97363,130.82281
690000.0,Barnard c,0.02739775401075677,0.03396453459318395,0.0,0.0,153.953,62.48154
690000.0,Barnard e,0.0381021321630784,0.037306984112542275,0.0,0.0,272.2483,78.81142
695000.0,Barnard d,0.01879791106344395,0.02310646481585354,0.0,0.0,155.80958,238.05974
695000.0,Barnard b,0.022901329076098622,0.006085616457673111,0.0,0.0,138.78144,36.97239
695000.0,Barnard c,0.027398778278071818,0.029781511888894434,0.0,0.0,214.7005,169.99362
695000.0,Barnard e,0.03810367673046732,0.03983726166749451,0.0,0.0,304.93278,0.55484
700000.0,Barnard d,0.018797970691816997,0.030185800573110835,0.0,0.0,202.40838,349.71411
700000.0,Barnard b,0.022899612000611205,0.010513024959889865,0.0,0.0,161.95624,41.07284
700000.0,Barnard c,0.027402850506449923,0.021449975967530104,0.0,0.0,273.65575,215.05092
700000.0,Barnard e,0.03810478613093461,0.042429394054961225,0.0,0.0,336.98654,238.92737
705000.0,Barnard d,0.01879744815060691,0.032078415500418636,0.0,0.0,259.36887,97.82615
705000.0,Barnard b,0.022902908582321902,0.013811146375507375,0.0,0.0,205.45411,237.11077
705000.0,Barnard c,0.027398928860661614,0.00996351674664635,0.0,0.0,338.56239,28.41104
705000.0,Barnard e,0.03810288391422873,0.045406221567987716,0.0,0.0,9.8441,107.09504
710000.0,Barnard d,0.01879718164579834,0.028509344758711933,0.0,0.0,323.63963,263.34062
710000.0,Barnard b,0.02290318286422324,0.015561983828601127,0.0,0.0,249.92449,24.90108
710000.0,Barnard c,0.027399659622480425,0.002367902877788633,0.0,0.0,136.51157,105.97597
710000.0,Barnard e,0.03810340639782599,0.048587289399915516,0.0,0.0,43.57154,294.49437
715000.0,Barnard d,0.018798622180015857,0.020961475318004616,0.0,0.0,37.9925,162.62428
715000.0,Barnard b,0.022901313375875594,0.015352143823091626,0.0,0.0,296.06089,81.81532
715000.0,Barnard c,0.02739778095300777,0.00815985003415662,0.0,0.0,252.82678,101.96105
715000.0,Barnard e,0.038104036329508977,0.05109545230504706,0.0,0.0,78.68484,334.60225
720000.0,Barnard d,0.018797550435293794,0.017041174647232135,0.0,0.0,136.42723,318.67876
720000.0,Barnard b,0.022901492021365367,0.01362320117381151,0.0,0.0,343.97778,236.65365
720000.0,Barnard c,0.027399079051911336,0.011482015787768371,0.0,0.0,323.15215,28.25685
720000.0,Barnard e,0.03810240610982749,0.05229238424202426,0.0,0.0,114.66152,229.55757
725000.0,Barnard d,0.01879697899775466,0.02130079651250494,0.0,0.0,230.0437,267.23741
725000.0,Barnard b,0.022903026394763337,0.01085212975270846,0.0,0.0,31.69019,145.15152
725000.0,Barnard c,0.02739865511754524,0.009980639468610704,0.0,0.0,36.87546,266.25983
725000.0,Barnard e,0.03810240938186212,0.05208643684618653,0.0,0.0,150.16391,349.19722
730000.0,Barnard d,0.018797579850772354,0.025194569703834387,0.0,0.0,296.23297,68.26094
730000.0,Barnard b,0.022900686148209073,0.009427521101500295,0.0,0.0,51.4932,43.67102
730000.0,Barnard c,0.02739961219320417,0.008716324793136566,0.0,0.0,142.49678,71.04824
730000.0,Barnard e,0.03810341464628715,0.05117061990572485,0.0,0.0,184.90679,211.189
735000.0,Barnard d,0.01879856646822673,0.02462091737205099,0.0,0.0,354.96336,77.75924
735000.0,Barnard b,0.02290097362843558,0.008519816731839101,0.0,0.0,78.07599,91.73519
735000.0,Barnard c,0.027399088560422332,0.012762889404070481,0.0,0.0,240.29824,253.17177
735000.0,Barnard e,0.03810129835248922,0.049901526472358675,0.0,0.0,218.89448,113.76147
740000.0,Barnard d,0.018798837440387305,0.01898878667696035,0.0,0.0,46.29684,249.15202
740000.0,Barnard b,0.022898343087884857,0.008981168572059012,0.0,0.0,111.52439,345.12491
740000.0,Barnard c,0.027401202106127127,0.020756934245301898,0.0,0.0,313.55813,109.30139
740000.0,Barnard e,0.03810227481082737,0.04863421783862594,0.0,0.0,252.36494,19.5146
745000.0,Barnard d,0.018798589743215275,0.010261079043202143,0.0,0.0,86.09904,299.47239
745000.0,Barnard b,0.02289976848783826,0.006500778919553033,0.0,0.0,144.18815,8.01281
745000.0,Barnard c,0.027400631924245456,0.026541484645340806,0.0,0.0,14.23307,19.82544
745000.0,Barnard e,0.038100987031049076,0.047400674516872666,0.0,0.0,286.3287,281.49175
750000.0,Barnard d,0.018799291438021323,0.008410736462677723,0.0,0.0,46.74319,135.01159
750000.0,Barnard b,0.02290241674100086,0.0045975544330296315,0.0,0.0,160.92474,8.09542
750000.0,Barnard c,0.027395881712944575,0.02864223617429445,0.0,0.0,70.47587,284.72408
750000.0,Barnard e,0.038103571375745875,0.04591395197461741,0.0,0.0,320.50157,204.92546
755000.0,Barnard d,0.018797296476170258,0.021069719989760236,0.0,0.0,64.0336,31.51861
755000.0,Barnard b,0.022903875854270863,0.006010595711534786,0.0,0.0,154.93998,280.92971
755000.0,Barnard c,0.027396991854635892,0.02689221981414988,0.0,0.0,123.53181,180.62719
755000.0,Barnard e,0.03810315325381546,0.04361570483818395,0.0,0.0,355.47053,142.14927
760000.0,Barnard d,0.01879613622986882,0.033549508697112713,0.0,0.0,111.28725,14.45769
760000.0,Barnard b,0.022902357466682483,0.008856496415512147,0.0,0.0,170.77685,131.96102
760000.0,Barnard c,0.027400034531284992,0.021432282082422652,0.0,0.0,172.59162,18.12668
760000.0,Barnard e,0.03810403948019085,0.040333191115096124,0.0,0.0,30.25744,96.11817
765000.0,Barnard d,0.018797096243912077,0.04195531646436705,0.0,0.0,162.55442,28.37418
765000.0,Barnard b,0.022901578772221893,0.0131089868807642,0.0,0.0,204.54985,172.49693
765000.0,Barnard c,0.02739928689202902,0.01308992710126433,0.0,0.0,203.59306,285.78281
765000.0,Barnard e,0.03810489810041795,0.03614280737731055,0.0,0.0,63.7394,21.18845
770000.0,Barnard d,0.01879703547253103,0.04528418052754939,0.0,0.0,212.53199,209.34317
770000.0,Barnard b,0.022903077932244956,0.016195328023968763,0.0,0.0,245.53945,18.98476
770000.0,Barnard c,0.027398093726303266,0.011295291747613194,0.0,0.0,198.64187,231.08787
770000.0,Barnard e,0.038104576665846,0.03150822470170825,0.0,0.0,95.09801,277.16627
775000.0,Barnard d,0.018797151317855927,0.04215420830485341,0.0,0.0,261.31676,30.91648
775000.0,Barnard b,0.022901647024019825,0.018496800938007353,0.0,0.0,287.43335,153.78269
775000.0,Barnard c,0.027399457060291052,0.020012765766618725,0.0,0.0,215.80993,272.155
775000.0,Barnard e,0.03810234630882584,0.027280406097797194,0.0,0.0,123.77528,192.98227
780000.0,Barnard d,0.01879794758620499,0.033478386719233096,0.0,0.0,307.51854,69.93499
780000.0,Barnard b,0.02290215032829454,0.019563576860776727,0.0,0.0,324.48554,352.90874
780000.0,Barnard c,0.027398412747239583,0.029605483917221658,0.0,0.0,257.889,345.08261
780000.0,Barnard e,0.03810310277272386,0.02405359997137357,0.0,0.0,149.49162,101.8291
785000.0,Barnard d,0.018797474956132203,0.023544490747542467,0.0,0.0,343.68514,124.28598
785000.0,Barnard b,0.02290187879874042,0.018580750549424388,0.0,0.0,1.61986,179.59433
785000.0,Barnard c,0.027399116502296136,0.03680143320968696,0.0,0.0,305.90401,66.37293
785000.0,Barnard e,0.038101829012168846,0.022051948659035613,0.0,0.0,173.74383,14.72765
790000.0,Barnard d,0.01879646827882029,0.018757084223981594,0.0,0.0,350.34227,89.10723
790000.0,Barnard b,0.02290769564603282,0.017676446944343584,0.0,0.0,37.08344,100.24822
790000.0,Barnard c,0.0273960036798061,0.03933660144351847,0.0,0.0,357.52194,136.1019
790000.0,Barnard e,0.038105038669861147,0.020993555673802268,0.0,0.0,197.88837,271.64634
795000.0,Barnard d,0.018797959659352256,0.025269254040646852,0.0,0.0,5.65594,95.98496
795000.0,Barnard b,0.022899967623672277,0.01699403820171608,0.0,0.0,65.63722,330.07464
795000.0,Barnard c,0.02740008436273444,0.037640797314657144,0.0,0.0,48.25452,167.76645
795000.0,Barnard e,0.03810351642522646,0.02027019497752315,0.0,0.0,221.25649,152.28515
800000.0,Barnard d,0.018796469783450405,0.03757576977582989,0.0,0.0,44.80499,8.73246
800000.0,Barnard b,0.022905732080184885,0.01719138586777295,0.0,0.0,97.83679,235.14398
800000.0,Barnard c,0.02739696669078496,0.03001250093039448,0.0,0.0,97.38675,223.57296
800000.0,Barnard e,0.03810354467048008,0.020148517517580507,0.0,0.0,243.09144,13.28319
805000.0,Barnard d,0.018796579044785617,0.04499439792308801,0.0,0.0,89.85826,69.32572
805000.0,Barnard b,0.022903225238234074,0.019600789503912756,0.0,0.0,133.92647,252.78935
805000.0,Barnard c,0.027398725401611458,0.02004471403028535,0.0,0.0,139.52448,42.94908
805000.0,Barnard e,0.038104360486304514,0.021510605840643824,0.0,0.0,263.50811,228.72893
810000.0,Barnard d,0.018797397243479785,0.04681374656455742,0.0,0.0,139.0797,105.98711
810000.0,Barnard b,0.02290154327252897,0.020425880411764654,0.0,0.0,174.61121,280.5787
810000.0,Barnard c,0.02739934122099643,0.012295087331756795,0.0,0.0,155.11916,241.41984
810000.0,Barnard e,0.03810289925255784,0.024640245544467233,0.0,0.0,287.34081,87.13801
815000.0,Barnard d,0.01879634809035926,0.04326649366186173,0.0,0.0,189.53416,171.1563
815000.0,Barnard b,0.022903876890017646,0.019373689590109374,0.0,0.0,218.19151,276.24773
815000.0,Barnard c,0.027397865163555513,0.015355116420318353,0.0,0.0,153.69839,120.47775
815000.0,Barnard e,0.0381028921998096,0.029114556752061743,0.0,0.0,314.80107,295.93274
820000.0,Barnard d,0.01879664849955526,0.03351723706132499,0.0,0.0,237.21138,56.5965
820000.0,Barnard b,0.02290149428861821,0.0177125614409959,0.0,0.0,266.16415,82.3939
820000.0,Barnard c,0.027400538688997993,0.024541729660739982,0.0,0.0,187.47384,293.57063
820000.0,Barnard e,0.03810261817565959,0.03383931896219456,0.0,0.0,346.04219,149.15399
825000.0,Barnard d,0.018796654855270406,0.021001778211950803,0.0,0.0,278.53215,144.27854
825000.0,Barnard b,0.022903012905185857,0.014119988719555615,0.0,0.0,309.47343,64.26954
825000.0,Barnard c,0.02739934966038877,0.030297896634905067,0.0,0.0,235.72815,69.63387
825000.0,Barnard e,0.03810505105640264,0.03783380870096738,0.0,0.0,19.53474,349.06138
830000.0,Barnard d,0.01879742944067309,0.010888609278306052,0.0,0.0,286.12526,133.94322
830000.0,Barnard b,0.022900027933995662,0.009175090632256825,0.0,0.0,349.91309,178.22775
830000.0,Barnard c,0.02740178323833686,0.03255139485834963,0.0,0.0,289.81469,179.36201
830000.0,Barnard e,0.03810244238742326,0.04092060245765685,0.0,0.0,53.60644,179.88335
835000.0,Barnard d,0.01879732573584153,0.016111799832234742,0.0,0.0,288.20209,175.31235
835000.0,Barnard b,0.022901778491741864,0.0026048892252890886,0.0,0.0,15.81248,20.32747
835000.0,Barnard c,0.027400148824346805,0.02993493487290989,0.0,0.0,347.01528,8.99477
835000.0,Barnard e,0.0381015646566991,0.04296482377513803,0.0,0.0,87.49209,197.68631
840000.0,Barnard d,0.01879877434203136,0.024115980882279613,0.0,0.0,333.45157,276.69032
840000.0,Barnard b,0.02289935452199222,0.006764049402023162,0.0,0.0,295.59086,27.14032
840000.0,Barnard c,0.027400394682870043,0.02302397917053808,0.0,0.0,51.71077,319.17705
840000.0,Barnard e,0.038103454049290025,0.044942752612958214,0.0,0.0,120.70667,124.06845
845000.0,Barnard d,0.01879900378179717,0.0264563199904855,0.0,0.0,30.25167,289.37055
845000.0,Barnard b,0.022897567948056245,0.013535876992959942,0.0,0.0,339.8199,241.99166
845000.0,Barnard c,0.027401608022569114,0.0148231471235396,0.0,0.0,124.24258,344.06995
845000.0,Barnard e,0.03810265366959294,0.047214372294269426,0.0,0.0,153.54446,330.43605
850000.0,Barnard d,0.01879942298095489,0.02549015746063918,0.0,0.0,93.55083,122.32916
850000.0,Barnard b,0.022899212717601737,0.01379287810530881,0.0,0.0,24.0755,41.87352
850000.0,Barnard c,0.027398865629048145,0.006768069434718243,0.0,0.0,224.19776,274.4412
850000.0,Barnard e,0.038104447940316,0.04975247894263059,0.0,0.0,187.1116,244.93835
855000.0,Barnard d,0.01879649143561318,0.020872825382580805,0.0,0.0,171.70896,224.32861
855000.0,Barnard b,0.022903544558813414,0.014591002352418073,0.0,0.0,67.09538,111.26821
855000.0,Barnard c,0.027398032821529313,0.007775969671476052,0.0,0.0,347.06215,349.33703
855000.0,Barnard e,0.03810321445384567,0.05168480407332305,0.0,0.0,221.91452,191.45442
860000.0,Barnard d,0.018796239842039972,0.018343834193245156,0.0,0.0,265.45701,288.53956
860000.0,Barnard b,0.022903804031990993,0.013035858018505424,0.0,0.0,113.70069,103.77923
860000.0,Barnard c,0.02739990766784511,0.009934471387265784,0.0,0.0,68.71396,61.00516
860000.0,Barnard e,0.038104795973527374,0.05283158333194268,0.0,0.0,257.73427,310.38789
865000.0,Barnard d,0.01879595144736304,0.022444230247623122,0.0,0.0,351.82516,133.27379
865000.0,Barnard b,0.022903569016536503,0.009655345244648977,0.0,0.0,148.40105,123.30344
865000.0,Barnard c,0.02739946498799467,0.008945985301072842,0.0,0.0,145.96809,90.90763
865000.0,Barnard e,0.03810268901238432,0.05242898013401621,0.0,0.0,293.66498,185.84852
870000.0,Barnard d,0.018798285482457332,0.028186768123923726,0.0,0.0,68.7547,85.98425
870000.0,Barnard b,0.02290101667859976,0.005367992168881395,0.0,0.0,198.99627,348.22477
870000.0,Barnard c,0.027399424533692547,0.004738415334347153,0.0,0.0,240.36322,33.37599
870000.0,Barnard e,0.03810277183207009,0.050903002719831385,0.0,0.0,328.62937,324.70768
875000.0,Barnard d,0.01879657220101734,0.03186256322575592,0.0,0.0,135.13804,19.57771
875000.0,Barnard b,0.02290266998582105,0.0017422160441360282,0.0,0.0,279.58116,57.96337
875000.0,Barnard c,0.027399376892112633,0.00851561771373979,0.0,0.0,25.6115,336.13067
875000.0,Barnard e,0.03810456460476014,0.04886779799215559,0.0,0.0,2.78275,33.7319
880000.0,Barnard d,0.018797215820947455,0.02917481042225204,0.0,0.0,192.1874,131.51527
880000.0,Barnard b,0.02290211556856255,0.0033856183930467396,0.0,0.0,60.30707,30.69498
880000.0,Barnard c,0.027399307239484427,0.017028787569249946,0.0,0.0,102.63951,12.85814
880000.0,Barnard e,0.03810193208190586,0.04687093136948031,0.0,0.0,36.0121,228.56321
885000.0,Barnard d,0.018796791845026715,0.02110225458544172,0.0,0.0,248.1299,174.23697
885000.0,Barnard b,0.02290405485835385,0.009127312433539685,0.0,0.0,125.97755,356.3677
885000.0,Barnard c,0.027398949869924534,0.024349077403706832,0.0,0.0,163.98088,280.07363
885000.0,Barnard e,0.038101207261389616,0.04512907411099112,0.0,0.0,69.27546,172.00948
890000.0,Barnard d,0.018796423957395596,0.009929264897104106,0.0,0.0,280.25791,63.92195
890000.0,Barnard b,0.022904389492701377,0.01430306294146302,0.0,0.0,167.33586,93.44231
890000.0,Barnard c,0.027396600613223007,0.028786960588427987,0.0,0.0,223.12607,246.53094
890000.0,Barnard e,0.0381035278892236,0.04329292860469871,0.0,0.0,103.2183,87.21716
895000.0,Barnard d,0.018796776379865394,0.011260627895288491,0.0,0.0,245.61089,262.26278
895000.0,Barnard b,0.022902658970666165,0.018730115448201887,0.0,0.0,207.39776,255.47287
895000.0,Barnard c,0.02739990811280018,0.029050650416729,0.0,0.0,278.40434,308.96541
895000.0,Barnard e,0.03810294269802354,0.04065389363476945,0.0,0.0,137.63799,73.25126
900000.0,Barnard d,0.018799548760155514,0.01938373005142206,0.0,0.0,266.63422,204.77633
900000.0,Barnard b,0.022897995783361335,0.030601616563827875,0.0,0.0,266.96142,202.78089
900000.0,Barnard c,0.02740183500714434,0.020591209338552637,0.0,0.0,337.82033,25.75028
900000.0,Barnard e,0.038102427430403804,0.036997501579770393,0.0,0.0,171.71613,29.70884
905000.0,Barnard d,0.01879802649494978,0.028728931148165514,0.0,0.0,314.31474,136.68429
905000.0,Barnard b,0.02289957712367588,0.03521022276971066,0.0,0.0,319.37092,168.51573
905000.0,Barnard c,0.027400925398140156,0.00911233601667311,0.0,0.0,24.24425,201.82275
905000.0,Barnard e,0.03810236844793979,0.03244223626661995,0.0,0.0,204.71265,95.72679
910000.0,Barnard d,0.018797126926260396,0.03119936764230819,0.0,0.0,9.03337,197.23208
910000.0,Barnard b,0.022902427053583967,0.03748262008099888,0.0,0.0,4.71838,105.64225
910000.0,Barnard c,0.027399024074437457,0.005735662515686763,0.0,0.0,323.13936,323.01989
910000.0,Barnard e,0.038102052395544685,0.027699946603913873,0.0,0.0,233.96796,59.80352
915000.0,Barnard d,0.018799347565444182,0.029518284132467206,0.0,0.0,58.91044,265.09401
915000.0,Barnard b,0.02290453632741881,0.03609756458467825,0.0,0.0,50.93272,297.26659
915000.0,Barnard c,0.02739634462793865,0.017578058812442864,0.0,0.0,349.52165,354.77463
915000.0,Barnard e,0.03810105274761289,0.02387981603555816,0.0,0.0,259.89394,300.62227
920000.0,Barnard d,0.018798643123003608,0.021566265170230994,0.0,0.0,102.95957,150.19798
920000.0,Barnard b,0.02289812705222362,0.03378159347767728,0.0,0.0,95.67895,38.91374
920000.0,Barnard c,0.027401108475427777,0.02807414784951764,0.0,0.0,39.38617,315.62418
920000.0,Barnard e,0.03810314373996072,0.021778006740644368,0.0,0.0,282.93929,226.77576
925000.0,Barnard d,0.01879674890349579,0.011129589155072088,0.0,0.0,119.46828,215.95366
925000.0,Barnard b,0.02290120387228711,0.030673539939298024,0.0,0.0,136.60724,263.9186
925000.0,Barnard c,0.027401131674666814,0.03481466114971543,0.0,0.0,93.46721,41.99012
925000.0,Barnard e,0.03810291731949878,0.020942196792559258,0.0,0.0,306.03585,186.72033
930000.0,Barnard d,0.01879614898917761,0.018029277893768722,0.0,0.0,108.48447,102.60921
930000.0,Barnard b,0.022903428398621396,0.024243282683397732,0.0,0.0,177.32426,354.843
930000.0,Barnard c,0.02739962724424803,0.037067020670101196,0.0,0.0,148.05359,130.05095
930000.0,Barnard e,0.03810388094708581,0.020558529428293535,0.0,0.0,329.22954,165.50594
935000.0,Barnard d,0.018799359906900077,0.030749671461262524,0.0,0.0,147.19182,12.66765
935000.0,Barnard b,0.022899458608548518,0.019234224216817482,0.0,0.0,208.4873,154.75742
935000.0,Barnard c,0.027398348120755575,0.03306279827112377,0.0,0.0,199.94436,72.65302
935000.0,Barnard e,0.038103010375927296,0.02059531740410011,0.0,0.0,351.81344,220.90375
940000.0,Barnard d,0.01879742974603825,0.042913773296697426,0.0,0.0,198.82132,72.0496
940000.0,Barnard b,0.022902851889350716,0.01481238091910906,0.0,0.0,231.72982,307.14635
940000.0,Barnard c,0.027398502359624342,0.025142188459039618,0.0,0.0,248.73018,264.95185
940000.0,Barnard e,0.03810161852935618,0.021624927999305554,0.0,0.0,14.05813,320.56457
945000.0,Barnard d,0.018797437935565636,0.04834102396675451,0.0,0.0,253.61972,313.50758
945000.0,Barnard b,0.02290315281936778,0.014315845715252665,0.0,0.0,251.49919,343.4232
945000.0,Barnard c,0.027397353554653118,0.015490395639020984,0.0,0.0,280.69565,134.45564
945000.0,Barnard e,0.03810379105871145,0.024509662409304758,0.0,0.0,36.60116,159.3871
950000.0,Barnard d,0.018796358230287257,0.04687862524465097,0.0,0.0,307.82078,63.30266
950000.0,Barnard b,0.022902246491597847,0.014123451488798993,0.0,0.0,281.45262,260.28575
950000.0,Barnard c,0.027400291060491074,0.013834968239675421,0.0,0.0,282.2291,198.247
950000.0,Barnard e,0.038101615270315844,0.028767688832656034,0.0,0.0,63.71552,288.64876
955000.0,Barnard d,0.018796047921896885,0.03976024126599892,0.0,0.0,357.68176,324.25484
955000.0,Barnard b,0.022904201762318145,0.011742301693358626,0.0,0.0,318.75672,278.00275
955000.0,Barnard c,0.02739874558622763,0.021038758003100705,0.0,0.0,306.10714,259.09004
955000.0,Barnard e,0.03810191381783541,0.03348615675350508,0.0,0.0,94.65049,354.02467
960000.0,Barnard d,0.01879625924262624,0.025829732692951562,0.0,0.0,56.37192,87.01267
960000.0,Barnard b,0.022903018590882535,0.014732163301494565,0.0,0.0,333.03835,246.89717
960000.0,Barnard c,0.027399590877972325,0.027888139462598806,0.0,0.0,357.12601,287.93103
960000.0,Barnard e,0.038102426090755974,0.03741708373329472,0.0,0.0,128.37281,197.23153
965000.0,Barnard d,0.018798609759849115,0.013097112681422435,0.0,0.0,89.90634,238.28663
965000.0,Barnard b,0.0229002851405421,0.013777779721817528,0.0,0.0,354.49183,352.75019
965000.0,Barnard c,0.027400121103064314,0.03092493157678518,0.0,0.0,50.5891,67.11074
965000.0,Barnard e,0.0381012733919411,0.040561471176940166,0.0,0.0,162.01173,328.13633
970000.0,Barnard d,0.018798271916805828,0.00557040207782269,0.0,0.0,45.35982,171.67254
970000.0,Barnard b,0.022904117055888903,0.019441754065822197,0.0,0.0,39.60883,295.4026
970000.0,Barnard c,0.027395656698714844,0.027279566478513307,0.0,0.0,111.27887,232.78515
970000.0,Barnard e,0.03810434372630383,0.04273351862498502,0.0,0.0,195.8894,61.08643
975000.0,Barnard d,0.018797133242541442,0.013560422731517351,0.0,0.0,78.06159,50.57579
975000.0,Barnard b,0.022902120816999376,0.02222126220297572,0.0,0.0,77.39235,261.0367
975000.0,Barnard c,0.02739875964684951,0.021192561642413607,0.0,0.0,175.69595,103.00823
975000.0,Barnard e,0.03810235917362499,0.0447372063485102,0.0,0.0,228.69856,212.54177
980000.0,Barnard d,0.018798198201805522,0.018838263196430196,0.0,0.0,135.3195,230.06745
980000.0,Barnard b,0.022902985610971725,0.02175214793841688,0.0,0.0,119.19012,343.88544
980000.0,Barnard c,0.02739694207970925,0.013694078258371786,0.0,0.0,250.17072,231.72369
980000.0,Barnard e,0.03810205726795299,0.047128347617904666,0.0,0.0,261.62924,347.61291
985000.0,Barnard d,0.018798797271942273,0.01703828110854973,0.0,0.0,199.6902,157.18798
985000.0,Barnard b,0.022904051635957517,0.021079015806100734,0.0,0.0,167.47641,29.31362
985000.0,Barnard c,0.027394739383544375,0.009466255541463102,0.0,0.0,353.29351,197.2513
985000.0,Barnard e,0.03810268036709136,0.04967526423335407,0.0,0.0,295.20209,90.21448
990000.0,Barnard d,0.018796786363586317,0.015049439474089592,0.0,0.0,284.78511,124.51037
990000.0,Barnard b,0.022902956705363693,0.01760337819817276,0.0,0.0,207.27529,260.22896
990000.0,Barnard c,0.027399632343225556,0.010873776554385187,0.0,0.0,91.76403,292.55002
990000.0,Barnard e,0.038101929438661496,0.0518061794159808,0.0,0.0,330.11678,231.55802
995000.0,Barnard d,0.01879819539854881,0.014229661866367644,0.0,0.0,28.50409,312.2101
995000.0,Barnard b,0.022901648392255586,0.012666671422568315,0.0,0.0,258.75684,158.96072
995000.0,Barnard c,0.027398340368789718,0.012346276701679737,0.0,0.0,172.91098,128.12531
995000.0,Barnard e,0.03810565100554769,0.05296807801396377,0.0,0.0,5.77875,322.41158
1000000.0,Barnard d,0.018797254630530436,0.021463136786268943,0.0,0.0,120.85539,102.03053
1000000.0,Barnard b,0.022902636346097537,0.008793472659319563,0.0,0.0,322.83448,238.83501
1000000.0,Barnard c,0.027399424067021932,0.010904185760291984,0.0,0.0,243.56188,132.6487
1000000.0,Barnard e,0.03810064702436069,0.05246267328826597,0.0,0.0,41.58522,330.40116
