t_yr,body,a_au,e
50.0,55 Cnc e,0.015400008520665302,0.050259104774287446
50.0,55 Cnc b,0.11801001678928684,0.018258519876781138
50.0,55 Cnc c,0.24605978282789884,0.0824468380489192
50.0,55 Cnc f,0.8021677874685349,0.06340706787751929
50.0,55 Cnc d,5.5257507889187725,0.09948334972781948
100.0,55 Cnc e,0.015400021975894724,0.050584336530013756
100.0,55 Cnc b,0.11798610321152991,0.02953815424275518
100.0,55 Cnc c,0.24762466194015295,0.07764608107461339
100.0,55 Cnc f,0.8024015273223839,0.0638904061843421
100.0,55 Cnc d,5.502888662544766,0.0975390019977318
150.0,55 Cnc e,0.01540002704481484,0.05115203256056035
150.0,55 Cnc b,0.11800990618699697,0.035466514704798745
150.0,55 Cnc c,0.24763854471471142,0.06065392916235012
150.0,55 Cnc f,0.8057369787178587,0.061048144972686604
150.0,55 Cnc d,5.611251389093978,0.08869178096197436
200.0,55 Cnc e,0.01540003551252998,0.05209496283199874
200.0,55 Cnc b,0.11802359330132355,0.03945381414003681
200.0,55 Cnc c,0.24577937290851076,0.04280402403428922
200.0,55 Cnc f,0.8075202731893317,0.060343799239122184
200.0,55 Cnc d,5.494909093808089,0.09704518291803033
250.0,55 Cnc e,0.015400036081958965,0.05314466035693084
250.0,55 Cnc b,0.1179965488028243,0.039322279622232094
250.0,55 Cnc c,0.24756163486463192,0.052678139442713844
250.0,55 Cnc f,0.8096765437146405,0.060932831455709914
250.0,55 Cnc d,5.520707546207548,0.09678440850621972
300.0,55 Cnc e,0.015400044329726345,0.05375697627298557
300.0,55 Cnc b,0.11799420234809199,0.03339056977187502
300.0,55 Cnc c,0.247833286097071,0.06623234786914838
300.0,55 Cnc f,0.8105429697961708,0.06227616141995149
300.0,55 Cnc d,5.612164137474193,0.0882998445679872
350.0,55 Cnc e,0.015400046455505157,0.053637113037834264
350.0,55 Cnc b,0.11801575553267955,0.02146770742404139
350.0,55 Cnc c,0.24602186512530094,0.07692278190861597
350.0,55 Cnc f,0.8080457760997476,0.06307035902219178
350.0,55 Cnc d,5.48130443196549,0.09629014643178124
400.0,55 Cnc e,0.015400042702027234,0.053072229243385574
400.0,55 Cnc b,0.11799840795807624,0.007813559940090356
400.0,55 Cnc c,0.24696576067758413,0.08957663972361793
400.0,55 Cnc f,0.8060863028104547,0.06280387170159683
400.0,55 Cnc d,5.54201640621229,0.09823257550699273
450.0,55 Cnc e,0.015400035729461206,0.052757291530131006
450.0,55 Cnc b,0.11802248775788982,0.0030174476704831047
450.0,55 Cnc c,0.2478550259941164,0.09019568897226804
450.0,55 Cnc f,0.801626458182164,0.059188929873368365
450.0,55 Cnc d,5.589926233595788,0.0920432159800836
500.0,55 Cnc e,0.015400025418962677,0.05323838246506746
500.0,55 Cnc b,0.11799651819885852,0.018480509901750226
500.0,55 Cnc c,0.24719331310748255,0.08331802411090036
500.0,55 Cnc f,0.8015841315440061,0.0595726977470656
500.0,55 Cnc d,5.466711771625204,0.09788855636305756
550.0,55 Cnc e,0.015400007631067834,0.05451502452031407
550.0,55 Cnc b,0.11799990764738597,0.027659954627067038
550.0,55 Cnc c,0.24627031666290092,0.07685963433109265
550.0,55 Cnc f,0.8036947011032982,0.060585299233303413
550.0,55 Cnc d,5.591212863186971,0.10303933831676103
600.0,55 Cnc e,0.01539999544235491,0.056118462841493
600.0,55 Cnc b,0.11800981649061182,0.034335305420729406
600.0,55 Cnc c,0.24707630584039195,0.05627974186382293
600.0,55 Cnc f,0.8053700472885978,0.059635326408762616
600.0,55 Cnc d,5.55717728066628,0.09779672222876604
650.0,55 Cnc e,0.015400004877110582,0.05748893046949392
650.0,55 Cnc b,0.1180107950462952,0.039288356473420646
650.0,55 Cnc c,0.2473329240823988,0.04584129879799533
650.0,55 Cnc f,0.8088032669068992,0.056594808756890776
650.0,55 Cnc d,5.461708160868708,0.09899622000945459
700.0,55 Cnc e,0.015399999658933919,0.05834096756414397
700.0,55 Cnc b,0.11799374252598456,0.0401600329654654
700.0,55 Cnc c,0.2463231942949952,0.054093675964549996
700.0,55 Cnc f,0.8091054723828411,0.056814241687827956
700.0,55 Cnc d,5.605450868659757,0.10369297549503746
750.0,55 Cnc e,0.01540000302656162,0.058847392024978094
750.0,55 Cnc b,0.11799514406528759,0.03299006106528806
750.0,55 Cnc c,0.2476192727868493,0.06674420393316584
750.0,55 Cnc f,0.8101888219696264,0.056895591298493205
750.0,55 Cnc d,5.543732838183429,0.0998981631900687
800.0,55 Cnc e,0.01539998978037727,0.05937928441075751
800.0,55 Cnc b,0.11801023600579566,0.02058136025412442
800.0,55 Cnc c,0.24728996882166648,0.07436656952200764
800.0,55 Cnc f,0.8079371728712154,0.059011772190031446
800.0,55 Cnc d,5.471953857965715,0.10046832552254412
850.0,55 Cnc e,0.015399985199586966,0.060018432147250785
850.0,55 Cnc b,0.11799802892920898,0.009753716351222677
850.0,55 Cnc c,0.2463696095699383,0.08891060718402055
850.0,55 Cnc f,0.8048599266491832,0.06026076513487867
850.0,55 Cnc d,5.606628192877019,0.10539258424576393
900.0,55 Cnc e,0.015399954754279254,0.060553810624430326
900.0,55 Cnc b,0.11800384476162355,0.0027860434491039985
900.0,55 Cnc c,0.24632793463201935,0.0866891695949102
900.0,55 Cnc f,0.8027714128891081,0.059417515847825654
900.0,55 Cnc d,5.516595869102415,0.10550570727566769
950.0,55 Cnc e,0.015399938617881007,0.060860124696417474
950.0,55 Cnc b,0.11798549604591069,0.017297331272031792
950.0,55 Cnc c,0.24807240387164123,0.08828344707982114
950.0,55 Cnc f,0.8009175818671196,0.05766946036355234
950.0,55 Cnc d,5.511147683616105,0.10559287085108897
1000.0,55 Cnc e,0.015399932594123556,0.06110658736944549
1000.0,55 Cnc b,0.11798707356788192,0.025073966538988503
1000.0,55 Cnc c,0.24747789049459099,0.07691745560613727
1000.0,55 Cnc f,0.8041408577333076,0.0600703549117306
1000.0,55 Cnc d,5.593461713732942,0.10942339656124354
1050.0,55 Cnc e,0.015399926536530767,0.06166854942420167
1050.0,55 Cnc b,0.11800868476567504,0.03315959345845703
1050.0,55 Cnc c,0.2458309790935571,0.05725259166541285
1050.0,55 Cnc f,0.806310366873263,0.06021268947583863
1050.0,55 Cnc d,5.487337113056196,0.11170966000893676
1100.0,55 Cnc e,0.015399927570629808,0.06289493215762132
1100.0,55 Cnc b,0.11799064186680963,0.039718626775325484
1100.0,55 Cnc c,0.2475626765664292,0.04556538107103515
1100.0,55 Cnc f,0.8086898169663176,0.058109524647542335
1100.0,55 Cnc d,5.542450943202722,0.10979942206499084
1150.0,55 Cnc e,0.015399924900351518,0.06473517110673643
1150.0,55 Cnc b,0.11797363642364402,0.040202335377600124
1150.0,55 Cnc c,0.24769539799173132,0.052591136591469786
1150.0,55 Cnc f,0.8100466344262108,0.05631319258906366
1150.0,55 Cnc d,5.587046062267278,0.11028435656689664
1200.0,55 Cnc e,0.015399926408354634,0.06660202811127991
1200.0,55 Cnc b,0.11799477096133587,0.03271092737122408
1200.0,55 Cnc c,0.2460382694061408,0.06182882042574398
1200.0,55 Cnc f,0.8086228768013087,0.0568284999447788
1200.0,55 Cnc d,5.481489515129828,0.11292395389143935
1250.0,55 Cnc e,0.015399930255113903,0.06778098745230805
1250.0,55 Cnc b,0.11799092954900275,0.020934063167500613
1250.0,55 Cnc c,0.24740602953706764,0.07800639554407256
1250.0,55 Cnc f,0.8080402691609664,0.057059825947249156
1250.0,55 Cnc d,5.55790781746889,0.11134291514239936
1300.0,55 Cnc e,0.015399938764682538,0.06797530658505999
1300.0,55 Cnc b,0.11797342169982712,0.012488425958758752
1300.0,55 Cnc c,0.24789819558075715,0.08923486810700175
1300.0,55 Cnc f,0.8041181262765278,0.05987932069473725
1300.0,55 Cnc d,5.561768744773713,0.11036200279451519
1350.0,55 Cnc e,0.015399946685751429,0.06757208845694494
1350.0,55 Cnc b,0.1179880279313795,0.0031621180110126285
1350.0,55 Cnc c,0.24634823797650662,0.08616440603949976
1350.0,55 Cnc f,0.8023957850897365,0.06027681221981116
1350.0,55 Cnc d,5.49023060033913,0.11274556328311244
1400.0,55 Cnc e,0.015399967853191266,0.06734761512830463
1400.0,55 Cnc b,0.11797049873604683,0.015148901793619536
1400.0,55 Cnc c,0.24651338311600735,0.08775848367015823
1400.0,55 Cnc f,0.80242216112026,0.05947164587869249
1400.0,55 Cnc d,5.591100021674715,0.113669554679079
1450.0,55 Cnc e,0.01539997428968969,0.0678629108839814
1450.0,55 Cnc b,0.11797810217761658,0.023210552030381918
1450.0,55 Cnc c,0.24737611621646116,0.07478032854781008
1450.0,55 Cnc f,0.8035253217572582,0.05980109286869695
1450.0,55 Cnc d,5.518372935910276,0.11067389136955066
1500.0,55 Cnc e,0.015399985052223644,0.06910621749967506
1500.0,55 Cnc b,0.11798194478365268,0.03282885717527323
1500.0,55 Cnc c,0.2471501215404917,0.06005026416214192
1500.0,55 Cnc f,0.8077344660371899,0.06275294248501362
1500.0,55 Cnc d,5.5037309095767775,0.11230338546071898
1550.0,55 Cnc e,0.01539999301827605,0.07062312772113569
1550.0,55 Cnc b,0.11796683855821109,0.04082740193178785
1550.0,55 Cnc c,0.24638740121189243,0.050449693734263445
1550.0,55 Cnc f,0.8085698111002131,0.06171871290592781
1550.0,55 Cnc d,5.610040250615751,0.1156410047165682
1600.0,55 Cnc e,0.015399990267681435,0.07190022524579999
1600.0,55 Cnc b,0.11796432073375411,0.04026937409776816
1600.0,55 Cnc c,0.24776014464092885,0.05178435880519347
1600.0,55 Cnc f,0.8101932405515961,0.06015031330752737
1600.0,55 Cnc d,5.499103861570254,0.1115206843334659
1650.0,55 Cnc e,0.015399997696453619,0.0727249077994503
1650.0,55 Cnc b,0.11798160704520262,0.03239155088077879
1650.0,55 Cnc c,0.24702905869991645,0.05812304931470068
1650.0,55 Cnc f,0.8083846634145345,0.05905574260164991
1650.0,55 Cnc d,5.513603945264145,0.11101827032593402
1700.0,55 Cnc e,0.015399995110652634,0.0733436333566678
1700.0,55 Cnc b,0.11798265999525714,0.02256321514826588
1700.0,55 Cnc c,0.24608650879139138,0.07720282321141549
1700.0,55 Cnc f,0.8064366298246495,0.05891084945114808
1700.0,55 Cnc d,5.605828814243219,0.11480158955686659
1750.0,55 Cnc e,0.015400008440752806,0.0740813029734968
1750.0,55 Cnc b,0.11795900024325479,0.0144582083218272
1750.0,55 Cnc c,0.24733442277229375,0.08794479686597591
1750.0,55 Cnc f,0.8043976086686748,0.06006174178475455
1750.0,55 Cnc d,5.492632149237926,0.10996129593687697
1800.0,55 Cnc e,0.015400022824868192,0.07487970414053426
1800.0,55 Cnc b,0.11799610777658634,0.0036250897285541256
1800.0,55 Cnc c,0.24769034368544135,0.08934715588045299
1800.0,55 Cnc f,0.8015737898969949,0.062115000577326544
1800.0,55 Cnc d,5.545441410829019,0.10633712442643765
1850.0,55 Cnc e,0.015400023988808591,0.07537928841844191
1850.0,55 Cnc b,0.11796013309609438,0.01349484437897518
1850.0,55 Cnc c,0.2470673307263813,0.08822082450800152
1850.0,55 Cnc f,0.8029864636524219,0.061283085221147005
1850.0,55 Cnc d,5.571821966308826,0.10855736546289521
1900.0,55 Cnc e,0.015400028444517367,0.07540212898719416
1900.0,55 Cnc b,0.11798377148555976,0.022760039359309956
1900.0,55 Cnc c,0.24602244206065227,0.07478727237943543
1900.0,55 Cnc f,0.8047311820580387,0.061067247858037285
1900.0,55 Cnc d,5.487040055071264,0.10590248698701547
1950.0,55 Cnc e,0.015400030823881942,0.07516536018076353
1950.0,55 Cnc b,0.11797536623605717,0.03383729287562444
1950.0,55 Cnc c,0.2474515532832151,0.057466632358592305
1950.0,55 Cnc f,0.8072876225251003,0.06309294946161115
1950.0,55 Cnc d,5.57803540685298,0.10142845024461475
2000.0,55 Cnc e,0.015400030323694296,0.07517630624756885
2000.0,55 Cnc b,0.11795321008974348,0.041123584115214024
2000.0,55 Cnc c,0.24760816795359208,0.05191318924236511
2000.0,55 Cnc f,0.810139707933591,0.06544483914612396
2000.0,55 Cnc d,5.5546382186218635,0.10572015632399985
2050.0,55 Cnc e,0.015400031561467999,0.07591625778290344
2050.0,55 Cnc b,0.11797424770131529,0.039978913880362454
2050.0,55 Cnc c,0.2461720481325752,0.04833420965317589
2050.0,55 Cnc f,0.8091977583165604,0.06358145665434163
2050.0,55 Cnc d,5.486040255632246,0.10508413416287504
2100.0,55 Cnc e,0.015400026893108777,0.07740927852678796
2100.0,55 Cnc b,0.11798482213365384,0.032139050226521644
2100.0,55 Cnc c,0.24738479518274542,0.0621373691093236
2100.0,55 Cnc f,0.8088669234271644,0.062054916072906356
2100.0,55 Cnc d,5.587499294810299,0.10008996738288238
2150.0,55 Cnc e,0.015400020861651443,0.0790864372796037
2150.0,55 Cnc b,0.11796587661327872,0.023824053734124127
2150.0,55 Cnc c,0.24725316247539234,0.07814565881801629
2150.0,55 Cnc f,0.8051062598545514,0.061134875428630775
2150.0,55 Cnc d,5.535986915728101,0.1032742748854677
2200.0,55 Cnc e,0.015400019390666951,0.08012720279849021
2200.0,55 Cnc b,0.11796853675250676,0.015177293968694532
2200.0,55 Cnc c,0.2463681450306637,0.08746984452972062
2200.0,55 Cnc f,0.8034804609918257,0.061410904796462204
2200.0,55 Cnc d,5.506797681476459,0.10268326488876109
2250.0,55 Cnc e,0.015400006130406508,0.08008888245094394
2250.0,55 Cnc b,0.1179744689449627,0.0028133558817241312
2250.0,55 Cnc c,0.2467201305441905,0.08686253340641563
2250.0,55 Cnc f,0.8022894752165093,0.06256574642357501
2250.0,55 Cnc d,5.5920678426541786,0.09711264436706343
2300.0,55 Cnc e,0.015399998524429458,0.07929943554160401
2300.0,55 Cnc b,0.11797319919036509,0.011991233668058125
2300.0,55 Cnc c,0.24784782981165462,0.08695608957525351
2300.0,55 Cnc f,0.8024793190055403,0.06286149018825578
2300.0,55 Cnc d,5.490475622904737,0.09651423585690787
2350.0,55 Cnc e,0.015399984590153851,0.07856272126102459
2350.0,55 Cnc b,0.11798042937606071,0.022336290537867388
2350.0,55 Cnc c,0.24701178754932396,0.07471293221398431
2350.0,55 Cnc f,0.8060338190009355,0.06106396729839933
2350.0,55 Cnc d,5.551628022406511,0.09700134224098346
2400.0,55 Cnc e,0.015399976938050822,0.07846045705719377
2400.0,55 Cnc b,0.11797295426624128,0.03446371754163736
2400.0,55 Cnc c,0.2463451112642017,0.062019559767639496
2400.0,55 Cnc f,0.8073922224714319,0.06182694783047915
2400.0,55 Cnc d,5.591574610734808,0.0947844614849317
2450.0,55 Cnc e,0.015399980064883927,0.07901527296123323
2450.0,55 Cnc b,0.11796573344261038,0.04021729898858162
2450.0,55 Cnc c,0.24786002242886881,0.052103353800901
2450.0,55 Cnc f,0.8101895105932491,0.06459622483820505
2450.0,55 Cnc d,5.466108754519887,0.09296485387890659
2500.0,55 Cnc e,0.015399969990453193,0.07984060853793876
2500.0,55 Cnc b,0.11798323416412605,0.038466257316656184
2500.0,55 Cnc c,0.2470502608558478,0.045026759253086135
2500.0,55 Cnc f,0.8097311171997179,0.0647659871065028
2500.0,55 Cnc d,5.565975990054897,0.09579927528316333
2550.0,55 Cnc e,0.015399972980243445,0.08044847475757731
2550.0,55 Cnc b,0.11799160997700721,0.03226179556482085
2550.0,55 Cnc c,0.24597916860978933,0.06071446325304691
2550.0,55 Cnc f,0.8077441609047574,0.0631059104161143
2550.0,55 Cnc d,5.585714843991339,0.09519519780764381
2600.0,55 Cnc e,0.015399961929651573,0.08062925299960313
2600.0,55 Cnc b,0.11796893856741873,0.025160986082710605
2600.0,55 Cnc c,0.24775662618667216,0.0785874365580092
2600.0,55 Cnc f,0.8053134845514355,0.061726698119691795
2600.0,55 Cnc d,5.466619918004763,0.09331131859767805
2650.0,55 Cnc e,0.015399943950732067,0.08063587258174644
2650.0,55 Cnc b,0.117977199805818,0.015600859255409332
2650.0,55 Cnc c,0.2478011781958394,0.08651768476392
2650.0,55 Cnc f,0.8017967761656,0.061242992858246685
2650.0,55 Cnc d,5.587294776497397,0.09555199670718213
2700.0,55 Cnc e,0.015399937593630822,0.08083087682738781
2700.0,55 Cnc b,0.11798720719484879,0.001304212060496911
2700.0,55 Cnc c,0.2462736570231856,0.08711771091482039
2700.0,55 Cnc f,0.8025283976197244,0.0612778430521358
2700.0,55 Cnc d,5.548409346052457,0.09828314375721908
2750.0,55 Cnc e,0.015399931655262277,0.08118476361962003
2750.0,55 Cnc b,0.11798896745142869,0.009882124176170966
2750.0,55 Cnc c,0.24647452718095483,0.08536593588680215
2750.0,55 Cnc f,0.8034342172791938,0.061134869894896096
2750.0,55 Cnc d,5.481020828573087,0.09617094844178992
2800.0,55 Cnc e,0.015399929806235203,0.08126082419151548
2800.0,55 Cnc b,0.11800264988174723,0.022408602389785984
2800.0,55 Cnc c,0.2474885684350776,0.07042763337959439
2800.0,55 Cnc f,0.805836735533717,0.05937645594121672
2800.0,55 Cnc d,5.613596675585452,0.09559663435255038
2850.0,55 Cnc e,0.015399934181189808,0.08072626896553732
2850.0,55 Cnc b,0.11797753149747929,0.03382130070177441
2850.0,55 Cnc c,0.24748605872570512,0.06542648212556887
2850.0,55 Cnc f,0.8090527819936295,0.057643866487086116
2850.0,55 Cnc d,5.512629599266141,0.1014025518706671
2900.0,55 Cnc e,0.015399941097782602,0.07971899854034707
2900.0,55 Cnc b,0.11799390283503307,0.038784552745425666
2900.0,55 Cnc c,0.2462221516002775,0.052139104897546105
2900.0,55 Cnc f,0.8092929285181016,0.05947981248280281
2900.0,55 Cnc d,5.495208222917333,0.09852934283417612
2950.0,55 Cnc e,0.015399940226125671,0.07880041154302657
2950.0,55 Cnc b,0.11801400236637603,0.037447185030230486
2950.0,55 Cnc c,0.2474157859853803,0.0477599231777519
2950.0,55 Cnc f,0.8102968581329,0.06167524589205315
2950.0,55 Cnc d,5.619769495862985,0.09593451933239742
3000.0,55 Cnc e,0.01539994945814948,0.07855290489126956
3000.0,55 Cnc b,0.11799735485946888,0.03326084676478812
3000.0,55 Cnc c,0.24693990611879407,0.06093782973129253
3000.0,55 Cnc f,0.8069620623651649,0.06082144284683832
3000.0,55 Cnc d,5.503629408746444,0.10303874024930744
3050.0,55 Cnc e,0.015399953626054133,0.0791682452057073
3050.0,55 Cnc b,0.11798782628746504,0.027039623585927045
3050.0,55 Cnc c,0.24644369810882946,0.07745957028257291
3050.0,55 Cnc f,0.8047585672050872,0.05985014963630403
3050.0,55 Cnc d,5.511568882937485,0.10097939533374242
3100.0,55 Cnc e,0.015399972445515074,0.08024228831943489
3100.0,55 Cnc b,0.1180008673170713,0.015575205779921875
3100.0,55 Cnc c,0.24720577712026107,0.07921791993410672
3100.0,55 Cnc f,0.801917913316383,0.05808447254543903
3100.0,55 Cnc d,5.604609779754673,0.09879229334532712
3150.0,55 Cnc e,0.015399998005747487,0.08092088816546557
3150.0,55 Cnc b,0.11800749703406452,0.0005374605113045613
3150.0,55 Cnc c,0.24788417400618848,0.08817052544801385
3150.0,55 Cnc f,0.8012459855236956,0.05796668862404086
3150.0,55 Cnc d,5.475159302714558,0.10783851849100229
3200.0,55 Cnc e,0.015400009037656674,0.0805644193031549
3200.0,55 Cnc b,0.11800287459611618,0.008081330626157443
3200.0,55 Cnc c,0.24666325623050517,0.08517096383922892
3200.0,55 Cnc f,0.8046229867739697,0.05729285201220608
3200.0,55 Cnc d,5.577373308368999,0.11130264081455946
3250.0,55 Cnc e,0.015400024643596525,0.07931211106709787
3250.0,55 Cnc b,0.11800510461046396,0.023010856341149473
3250.0,55 Cnc c,0.2463485107633952,0.0754236845994077
3250.0,55 Cnc f,0.8061675648034836,0.0562587237298272
3250.0,55 Cnc d,5.5764083469175185,0.1038020837815543
3300.0,55 Cnc e,0.01540002413014178,0.07790458995207099
3300.0,55 Cnc b,0.11799649179823257,0.03295697212594153
3300.0,55 Cnc c,0.24797454584677917,0.06599804343735255
3300.0,55 Cnc f,0.809193512000263,0.053280235946954364
3300.0,55 Cnc d,5.458905502842054,0.11150884376108429
3350.0,55 Cnc e,0.01540002982959593,0.07696297713195967
3350.0,55 Cnc b,0.11800499825026464,0.03754621876777881
3350.0,55 Cnc c,0.24708319088623978,0.050038493468906396
3350.0,55 Cnc f,0.809948628213777,0.05335304959725245
3350.0,55 Cnc d,5.605518084322437,0.11551312010622512
3400.0,55 Cnc e,0.015400032922046255,0.07660890699590614
3400.0,55 Cnc b,0.1180218226197754,0.03809532149196045
3400.0,55 Cnc c,0.2458896111417217,0.04518079124778682
3400.0,55 Cnc f,0.8088960111751501,0.05587508536719795
3400.0,55 Cnc d,5.56188034719178,0.1055968367943676
3450.0,55 Cnc e,0.015400029644034167,0.0765762452445806
3450.0,55 Cnc b,0.11800295931555826,0.035217582597160416
3450.0,55 Cnc c,0.24790343139044854,0.06305173479569358
3450.0,55 Cnc f,0.8076136398419594,0.05707236172804854
3450.0,55 Cnc d,5.461591876734736,0.11187162226959907
3500.0,55 Cnc e,0.015400036320206879,0.07647637384938416
3500.0,55 Cnc b,0.11798467505634304,0.02885285941491924
3500.0,55 Cnc c,0.24756161802545662,0.07693501074169838
3500.0,55 Cnc f,0.8033803515443216,0.056117352463139175
3500.0,55 Cnc d,5.612864206114978,0.11660778994653608
3550.0,55 Cnc e,0.015400042986291667,0.07610525975601234
3550.0,55 Cnc b,0.11801676662675872,0.015309571862368778
3550.0,55 Cnc c,0.24591670118179823,0.07989165038411908
3550.0,55 Cnc f,0.8023294050162969,0.0553478310884336
3550.0,55 Cnc d,5.533854831755071,0.10834516685678035
3600.0,55 Cnc e,0.015400043568925523,0.0755914570797958
3600.0,55 Cnc b,0.11799662900551129,0.002657182565307318
3600.0,55 Cnc c,0.24728418389917375,0.08753108248340263
3600.0,55 Cnc f,0.8013466393382673,0.054296674044308886
3600.0,55 Cnc d,5.483065888964468,0.11200450958544075
3650.0,55 Cnc e,0.015400042446331743,0.07523743171399001
3650.0,55 Cnc b,0.11801932412163414,0.00811281778093693
3650.0,55 Cnc c,0.24764940023216345,0.08165123066541927
3650.0,55 Cnc f,0.8041505538852144,0.05550217734487509
3650.0,55 Cnc d,5.634634529613792,0.12026424043699313
3700.0,55 Cnc e,0.015400031742250624,0.07506615331067547
3700.0,55 Cnc b,0.11799490093164121,0.023244992939686376
3700.0,55 Cnc c,0.2469883565161321,0.07849151552347747
3700.0,55 Cnc f,0.8078913696446872,0.055303144345914865
3700.0,55 Cnc d,5.484924213843634,0.11413540524639423
3750.0,55 Cnc e,0.01540001761858946,0.07465959376599107
3750.0,55 Cnc b,0.11799804288361349,0.03210610608336787
3750.0,55 Cnc c,0.24634937756665862,0.06756307974965715
3750.0,55 Cnc f,0.8087026286916231,0.053856444440376204
3750.0,55 Cnc d,5.514037526904281,0.11102539174847252
3800.0,55 Cnc e,0.015400018460436336,0.0735723491518726
3800.0,55 Cnc b,0.11802290865563153,0.03685481011817868
3800.0,55 Cnc c,0.24754247702621685,0.05105157852910372
3800.0,55 Cnc f,0.8102823092283623,0.0515755671587138
3800.0,55 Cnc d,5.633763049213283,0.12041979903047106
3850.0,55 Cnc e,0.015400007528315862,0.07188547907570385
3850.0,55 Cnc b,0.1180090383496735,0.03922833220632576
3850.0,55 Cnc c,0.24664839777316055,0.045735639116494205
3850.0,55 Cnc f,0.8081181206795612,0.053517425997898875
3850.0,55 Cnc d,5.478725589929261,0.11429739529912822
3900.0,55 Cnc e,0.01540000575065307,0.0702000316938299
3900.0,55 Cnc b,0.11799311690706792,0.03695142494601248
3900.0,55 Cnc c,0.24656963826798958,0.06283872302711237
3900.0,55 Cnc f,0.8067183680746246,0.05482919838345956
3900.0,55 Cnc d,5.524907729728517,0.1103759185577269
3950.0,55 Cnc e,0.015399991507086071,0.06914763451734952
3950.0,55 Cnc b,0.11799511690427215,0.029142315086693616
3950.0,55 Cnc c,0.24780886722619994,0.07078075964808543
3950.0,55 Cnc f,0.8037451739453931,0.055775748109121094
3950.0,55 Cnc d,5.613942588650792,0.1177482286643888
4000.0,55 Cnc e,0.01539997441446255,0.06899495176685129
4000.0,55 Cnc b,0.11800501861154201,0.015346453391374927
4000.0,55 Cnc c,0.24719231568984296,0.08062310580242162
4000.0,55 Cnc f,0.8013354008999629,0.055442167100269495
4000.0,55 Cnc d,5.473762571126964,0.11366526591046963
4050.0,55 Cnc e,0.015399966911689706,0.06945218068433467
4050.0,55 Cnc b,0.11799789871341756,0.00429759908171937
4050.0,55 Cnc c,0.24618481925900995,0.08798095976681432
4050.0,55 Cnc f,0.8025379295388135,0.055851892881030374
4050.0,55 Cnc d,5.565593591978698,0.1071971816405119
4100.0,55 Cnc e,0.015399947321156068,0.06975698130115643
4100.0,55 Cnc b,0.1179991864691197,0.008772019848191695
4100.0,55 Cnc c,0.24678053571668115,0.08368022059507328
4100.0,55 Cnc f,0.8039563321779762,0.056826354322383414
4100.0,55 Cnc d,5.56971904395102,0.11175897866256672
4150.0,55 Cnc e,0.015399943808079304,0.06919551004746091
4150.0,55 Cnc b,0.11799420895880255,0.02280791405116004
4150.0,55 Cnc c,0.24797251915106433,0.07814480447107794
4150.0,55 Cnc f,0.8081220258885257,0.05930623528295791
4150.0,55 Cnc d,5.471840969105317,0.11211757152360088
4200.0,55 Cnc e,0.015399937269245692,0.06773566030477346
4200.0,55 Cnc b,0.11798771144890251,0.030475974407283564
4200.0,55 Cnc c,0.24696484681637193,0.0667938845459155
4200.0,55 Cnc f,0.8098523304444052,0.05891182868458497
4200.0,55 Cnc d,5.604415836538394,0.10463953591968234
4250.0,55 Cnc e,0.01539993538090876,0.06597181436357723
4250.0,55 Cnc b,0.11800722285731352,0.03637377770371607
4250.0,55 Cnc c,0.24598462713672786,0.04937279170050717
4250.0,55 Cnc f,0.8090861546738285,0.05669428873010051
4250.0,55 Cnc d,5.540559027519063,0.10762857134429968
4300.0,55 Cnc e,0.015399935923519755,0.06452022241402298
4300.0,55 Cnc b,0.11800141303058713,0.039879383286513866
4300.0,55 Cnc c,0.24780703379380845,0.051007990890874155
4300.0,55 Cnc f,0.8085057560702242,0.05552687893801221
4300.0,55 Cnc d,5.481477385873926,0.11020421373091568
4350.0,55 Cnc e,0.015399937797194965,0.06355441147016345
4350.0,55 Cnc b,0.11796674264627952,0.03807374178764614
4350.0,55 Cnc c,0.24724023821841917,0.06241225830353523
4350.0,55 Cnc f,0.8050386691159961,0.05797119688994789
4350.0,55 Cnc d,5.602211257241403,0.10358800046420068
4400.0,55 Cnc e,0.015399935543096877,0.06287627146243208
4400.0,55 Cnc b,0.11799161808150922,0.02846157334065162
4400.0,55 Cnc c,0.24626737144501706,0.06915403213834176
4400.0,55 Cnc f,0.8039359693816567,0.05847165423905928
4400.0,55 Cnc d,5.521861737981477,0.10479645806607775
4450.0,55 Cnc e,0.015399938127048502,0.06225549432451789
4450.0,55 Cnc b,0.11799328325838208,0.015516468027606473
4450.0,55 Cnc c,0.24748890626144185,0.07728328093890305
4450.0,55 Cnc f,0.8015242217304145,0.05963027423992067
4450.0,55 Cnc d,5.506324720331677,0.10571078315058377
4500.0,55 Cnc e,0.015399952174558404,0.06161486845511464
4500.0,55 Cnc b,0.11797376389424791,0.0061656452661530995
4500.0,55 Cnc c,0.2476164384959544,0.08628232956660548
4500.0,55 Cnc f,0.8023619268747636,0.05956723175338854
4500.0,55 Cnc d,5.606069750994489,0.10097195085817558
4550.0,55 Cnc e,0.015399957522867496,0.06103471307473834
4550.0,55 Cnc b,0.11798564616853138,0.008390856401823757
4550.0,55 Cnc c,0.2462468464360252,0.08327310306161737
4550.0,55 Cnc f,0.8055122251766789,0.06078501261455247
4550.0,55 Cnc d,5.481403301035519,0.09786813225131624
4600.0,55 Cnc e,0.015399976659291253,0.06067242117214035
4600.0,55 Cnc b,0.11796453374630543,0.021268805620365164
4600.0,55 Cnc c,0.2468074292607792,0.08186163089340645
4600.0,55 Cnc f,0.8074674962639927,0.062187583036667285
4600.0,55 Cnc d,5.545627216492761,0.09919064671519245
4650.0,55 Cnc e,0.015399979635440505,0.0604974642105678
4650.0,55 Cnc b,0.11799567850192044,0.028312430256135213
4650.0,55 Cnc c,0.2475953442917532,0.06812631394689139
4650.0,55 Cnc f,0.8104243980242057,0.06416366912830308
4650.0,55 Cnc d,5.598791591141896,0.09871104133054874
4700.0,55 Cnc e,0.015399987648170318,0.06008060867090707
4700.0,55 Cnc b,0.11798550028782775,0.03625692179283825
4700.0,55 Cnc c,0.24650573655742827,0.05070440053829404
4700.0,55 Cnc f,0.8087620373854995,0.06184028221025117
4700.0,55 Cnc d,5.471261720702253,0.09567024576943452
4750.0,55 Cnc e,0.015399997721502462,0.058954191368373
4750.0,55 Cnc b,0.11796746202835348,0.040884928143748014
4750.0,55 Cnc c,0.2466295613186658,0.05128147847881908
4750.0,55 Cnc f,0.8074986508028266,0.059810686393737406
4750.0,55 Cnc d,5.558644645818214,0.09729732772310046
4800.0,55 Cnc e,0.015399998479352112,0.057207462422023056
4800.0,55 Cnc b,0.11796592658965671,0.03840265227222186
4800.0,55 Cnc c,0.24794386364341645,0.05680167667318994
4800.0,55 Cnc f,0.8047988076112123,0.060580221596384515
4800.0,55 Cnc d,5.580573270686901,0.09855412145194195
4850.0,55 Cnc e,0.015400005523028394,0.055470684230183094
4850.0,55 Cnc b,0.11797722379692926,0.028607652499450395
4850.0,55 Cnc c,0.24684561414218517,0.06622665694912298
4850.0,55 Cnc f,0.8025051312843207,0.06215415065560241
4850.0,55 Cnc d,5.482035212104344,0.0962426148998602
4900.0,55 Cnc e,0.015400006742375856,0.0543761754555857
4900.0,55 Cnc b,0.11797900274540887,0.016843365529067997
4900.0,55 Cnc c,0.24621534306578413,0.07947446751007886
4900.0,55 Cnc f,0.8026207084414931,0.06166407770058243
4900.0,55 Cnc d,5.573320310379482,0.09555936286601165
4950.0,55 Cnc e,0.015400015832576762,0.054149376908964694
4950.0,55 Cnc b,0.1179640344105324,0.008556623200445493
4950.0,55 Cnc c,0.24763533948434271,0.0873919527040129
4950.0,55 Cnc f,0.8024949154848021,0.06191308487347942
4950.0,55 Cnc d,5.547180454819903,0.09819343288403826
5000.0,55 Cnc e,0.015400021444398284,0.054513497043593456
5000.0,55 Cnc b,0.11797575226432473,0.008194348493723627
5000.0,55 Cnc c,0.24753240299962948,0.08302752135592194
5000.0,55 Cnc f,0.805987331153697,0.061070395703748004
5000.0,55 Cnc d,5.500166322503304,0.096952530056885
5050.0,55 Cnc e,0.015400019943737676,0.054854050349897
5050.0,55 Cnc b,0.11796326817308646,0.01892435650693018
5050.0,55 Cnc c,0.24681842232814483,0.0829862287229687
5050.0,55 Cnc f,0.8087795982171015,0.062173998753947766
5050.0,55 Cnc d,5.595742775882498,0.09361528891018094
5100.0,55 Cnc e,0.015400018550691034,0.054629220924145946
5100.0,55 Cnc b,0.11798532653522532,0.027310336389495038
5100.0,55 Cnc c,0.24612787781587062,0.06806790215064384
5100.0,55 Cnc f,0.8092674118701697,0.06327412777895618
5100.0,55 Cnc d,5.512237912496166,0.0995979974397803
5150.0,55 Cnc e,0.01540001975381288,0.05380872716006386
5150.0,55 Cnc b,0.1179941484094796,0.03675136262062534
5150.0,55 Cnc c,0.2476258931821248,0.05686997265813849
5150.0,55 Cnc f,0.809622588996017,0.06399292478340049
5150.0,55 Cnc d,5.519837346048084,0.0987576715978871
5200.0,55 Cnc e,0.015400015537617159,0.05283506881221471
5200.0,55 Cnc b,0.11795337648989886,0.04232664387370799
5200.0,55 Cnc c,0.24711712182397458,0.052249541224620805
5200.0,55 Cnc f,0.8058624703681777,0.060750875584288606
5200.0,55 Cnc d,5.587678560763851,0.09536870926808609
5250.0,55 Cnc e,0.015400011782386936,0.05210062614983877
5250.0,55 Cnc b,0.11797126696581021,0.038363947744454834
5250.0,55 Cnc c,0.24644159619215228,0.05357191043605477
5250.0,55 Cnc f,0.8044910771543581,0.06019111996464759
5250.0,55 Cnc d,5.502790400081668,0.10055336506068424
5300.0,55 Cnc e,0.015400017078550605,0.05155877517618533
5300.0,55 Cnc b,0.11799140756523424,0.02903913842572167
5300.0,55 Cnc c,0.2474107785890624,0.06159172593635932
5300.0,55 Cnc f,0.8018879483990995,0.06131354901177949
5300.0,55 Cnc d,5.547068159611476,0.10220525864703735
5350.0,55 Cnc e,0.01540001085224025,0.05095233147360463
5350.0,55 Cnc b,0.11796782647748491,0.0189931671328804
5350.0,55 Cnc c,0.24698744429301986,0.08011541058993873
5350.0,55 Cnc f,0.8023754737862452,0.06081814064481044
5350.0,55 Cnc d,5.572915100944869,0.09840907242355294
5400.0,55 Cnc e,0.015400006054992926,0.05026268308621441
5400.0,55 Cnc b,0.11797227459288555,0.010206121445948606
5400.0,55 Cnc c,0.24622732539631506,0.08712718830236203
5400.0,55 Cnc f,0.8041150144279632,0.059310257889666894
5400.0,55 Cnc d,5.487765731946589,0.1031715883977518
5450.0,55 Cnc e,0.01539998906413781,0.04977368538347614
5450.0,55 Cnc b,0.11796494051365825,0.007927721526914535
5450.0,55 Cnc c,0.2473010127152766,0.09004650191480876
5450.0,55 Cnc f,0.8058163580060719,0.05850277595258793
5450.0,55 Cnc d,5.583583705925814,0.1071559782810875
5500.0,55 Cnc e,0.015399967883466186,0.04977744237915105
5500.0,55 Cnc b,0.11798631752967376,0.016865560403384914
5500.0,55 Cnc c,0.24784056479974712,0.0849898268045352
5500.0,55 Cnc f,0.8094810210126699,0.05765631925351142
5500.0,55 Cnc d,5.545294261262849,0.10421492690298022
5550.0,55 Cnc e,0.01539996494563285,0.050349978236529015
5550.0,55 Cnc b,0.11798883725508562,0.027493971260412777
5550.0,55 Cnc c,0.24644343012981557,0.06864555463682191
5550.0,55 Cnc f,0.8093966420423476,0.05922670112329539
5550.0,55 Cnc d,5.482052439342848,0.10640636066409676
5600.0,55 Cnc e,0.015399952998940222,0.05122577424024491
5600.0,55 Cnc b,0.11797840171107526,0.03761847953055858
5600.0,55 Cnc c,0.24650110699267194,0.057524253886596086
5600.0,55 Cnc f,0.8086944897677907,0.06090155487632616
5600.0,55 Cnc d,5.601754406077778,0.1102381456441149
5650.0,55 Cnc e,0.015399950622231578,0.05183242798594228
5650.0,55 Cnc b,0.11797195197341681,0.04256556361861039
5650.0,55 Cnc c,0.2480926010262438,0.05167776375996643
5650.0,55 Cnc f,0.8061340093151157,0.05973114578676815
5650.0,55 Cnc d,5.528483466446996,0.10701313962840876
5700.0,55 Cnc e,0.015399942290904363,0.051706304182380425
5700.0,55 Cnc b,0.11798385198092784,0.03827969257346418
5700.0,55 Cnc c,0.24678162887393437,0.05063695531939785
5700.0,55 Cnc f,0.8026893334551743,0.05708128486119662
5700.0,55 Cnc d,5.497916561849374,0.10753132615705197
5750.0,55 Cnc e,0.015399944104033728,0.050977332775765105
5750.0,55 Cnc b,0.11799193699072014,0.029237151986299323
5750.0,55 Cnc c,0.24624468523557014,0.06480696352991604
5750.0,55 Cnc f,0.8023637202823712,0.05783416406500563
5750.0,55 Cnc d,5.6024042285901645,0.11102485464938508
5800.0,55 Cnc e,0.015399935444077506,0.05024427296807115
5800.0,55 Cnc b,0.11798787161216992,0.02102116711479611
5800.0,55 Cnc c,0.24790409810021807,0.08143913531324407
5800.0,55 Cnc f,0.8015959417193133,0.058186357124853344
5800.0,55 Cnc d,5.504867799519362,0.11103846407003982
5850.0,55 Cnc e,0.015399929134339083,0.050018971786110415
5850.0,55 Cnc b,0.11798491707869482,0.010516549324874974
5850.0,55 Cnc c,0.24720654946042084,0.08485484277177026
5850.0,55 Cnc f,0.8049202990554607,0.05661170378713391
5850.0,55 Cnc d,5.523002888167528,0.10989702299371526
5900.0,55 Cnc e,0.015399928835544316,0.05041048968350792
5900.0,55 Cnc b,0.11798740940721082,0.006688044871181575
5900.0,55 Cnc c,0.2463035498169653,0.09030054668255887
5900.0,55 Cnc f,0.8072123076571878,0.05514209333624431
5900.0,55 Cnc d,5.595788955582013,0.11303457440958148
5950.0,55 Cnc e,0.01539993764197384,0.051175529782136304
5950.0,55 Cnc b,0.117993770442972,0.015361989184939043
5950.0,55 Cnc c,0.24659900658257355,0.08383637089825101
5950.0,55 Cnc f,0.8088797422306648,0.05437993136580366
5950.0,55 Cnc d,5.48256198061374,0.11469326307962088
6000.0,55 Cnc e,0.015399937363072946,0.051976830333912254
6000.0,55 Cnc b,0.11802246973190635,0.02717105128285261
6000.0,55 Cnc c,0.24766287386769184,0.07241246650608618
6000.0,55 Cnc f,0.8101835351637237,0.054686026887294806
6000.0,55 Cnc d,5.555108697246281,0.11238321852089243
6050.0,55 Cnc e,0.01539994558126156,0.052651666288887344
6050.0,55 Cnc b,0.1179845216259765,0.03789650973604183
6050.0,55 Cnc c,0.24680361398521863,0.0605641408358337
6050.0,55 Cnc f,0.8075589715739124,0.0570796292073179
6050.0,55 Cnc d,5.576536395350217,0.11264002114216201
6100.0,55 Cnc e,0.01539995839642624,0.05333199062450479
6100.0,55 Cnc b,0.11798988682871751,0.04116348476068366
6100.0,55 Cnc c,0.246631082748245,0.05053294435751196
6100.0,55 Cnc f,0.8059499261155659,0.05802695798806162
6100.0,55 Cnc d,5.478667167498923,0.11520429340162949
6150.0,55 Cnc e,0.01539994821034925,0.05421273584976515
6150.0,55 Cnc b,0.11801926930210602,0.03739602713405198
6150.0,55 Cnc c,0.2475209439392482,0.04468348632088917
6150.0,55 Cnc f,0.8023401404970075,0.055835807886557294
6150.0,55 Cnc d,5.5755234752906775,0.11270478156770727
6200.0,55 Cnc e,0.01539994915854708,0.05518264445057919
6200.0,55 Cnc b,0.11800541323030897,0.02995324366075636
6200.0,55 Cnc c,0.2464194313045724,0.06504082011870076
6200.0,55 Cnc f,0.8015727883811161,0.05555921679538175
6200.0,55 Cnc d,5.554440693519109,0.11085441531984323
6250.0,55 Cnc e,0.01539995079986736,0.05580913878968902
6250.0,55 Cnc b,0.11798876282875179,0.022687504891317753
6250.0,55 Cnc c,0.24657525201507846,0.08100880759524885
6250.0,55 Cnc f,0.8022841388492657,0.05679348138658925
6250.0,55 Cnc d,5.483614627459294,0.11408962713394552
6300.0,55 Cnc e,0.015399972172635983,0.05579822016866198
6300.0,55 Cnc b,0.1180109051226689,0.010634533997711627
6300.0,55 Cnc c,0.24772316813016168,0.08688107933298359
6300.0,55 Cnc f,0.8044259446240872,0.057084060634811425
6300.0,55 Cnc d,5.6059082302691,0.11353837259284756
6350.0,55 Cnc e,0.015399999368144278,0.055420536707489206
6350.0,55 Cnc b,0.11799148933662994,0.004799310846388618
6350.0,55 Cnc c,0.24764112617889206,0.08989211017008882
6350.0,55 Cnc f,0.8085877804332664,0.055760548575447134
6350.0,55 Cnc d,5.508631686172025,0.10846847842164155
6400.0,55 Cnc e,0.015400012416346752,0.05532905798288134
6400.0,55 Cnc b,0.11801021368147178,0.01373769798298465
6400.0,55 Cnc c,0.24620760322748644,0.08364771569804215
6400.0,55 Cnc f,0.8093309439052185,0.054726657185577746
6400.0,55 Cnc d,5.503657135346406,0.11015141976696842
6450.0,55 Cnc e,0.015400028205930658,0.056039344528509415
6450.0,55 Cnc b,0.11800740241909702,0.026840601758865722
6450.0,55 Cnc c,0.24656593847166625,0.07167077949666353
6450.0,55 Cnc f,0.8094541457300997,0.05412488159364404
6450.0,55 Cnc d,5.619034412943782,0.11243280131244067
6500.0,55 Cnc e,0.015400031854588695,0.05757952163758487
6500.0,55 Cnc b,0.1180024223610908,0.03688484309537363
6500.0,55 Cnc c,0.24822317368404453,0.0650333541176195
6500.0,55 Cnc f,0.8078639969684398,0.0553677105383806
6500.0,55 Cnc d,5.482169437414984,0.10653428913709505
6550.0,55 Cnc e,0.015400038338084817,0.05947639099623802
6550.0,55 Cnc b,0.11800318687866916,0.03967971503410692
6550.0,55 Cnc c,0.24665562037217217,0.04912507109898089
6550.0,55 Cnc f,0.8043896270817289,0.05785105159803454
6550.0,55 Cnc d,5.524349326632282,0.10632188344033591
6600.0,55 Cnc e,0.015400038876470032,0.06102751117030155
6600.0,55 Cnc b,0.11801898481149309,0.036880985410771616
6600.0,55 Cnc c,0.24635407834248896,0.0469186807717241
6600.0,55 Cnc f,0.8031552811860763,0.05777133795374525
6600.0,55 Cnc d,5.616126562835603,0.11136331295823583
6650.0,55 Cnc e,0.015400030092297129,0.06180042554584201
6650.0,55 Cnc b,0.1180120968732087,0.031752023281294915
6650.0,55 Cnc c,0.24786537312233728,0.0651503290030463
6650.0,55 Cnc f,0.8006003198023913,0.05622332461621049
6650.0,55 Cnc d,5.470859034748759,0.10463631691601503
6700.0,55 Cnc e,0.01540003472224415,0.06197767521000077
6700.0,55 Cnc b,0.1179944804977301,0.024444017952422684
6700.0,55 Cnc c,0.24684446035166732,0.07977730484534418
6700.0,55 Cnc f,0.802688234503853,0.0578587219992763
6700.0,55 Cnc d,5.546550575409792,0.10223557506854429
6750.0,55 Cnc e,0.015400036483626652,0.06210354955250962
6750.0,55 Cnc b,0.11801585620366989,0.01108928347372582
6750.0,55 Cnc c,0.2460541858655489,0.08401506519160792
6750.0,55 Cnc f,0.8050293215984387,0.05944065922556504
6750.0,55 Cnc d,5.599417288206795,0.10776089996860727
6800.0,55 Cnc e,0.015400033336236579,0.06253461030375751
6800.0,55 Cnc b,0.11799316289501129,0.0025048978083827135
6800.0,55 Cnc c,0.247706181173624,0.09201194466694093
6800.0,55 Cnc f,0.8083261937528787,0.05969131186898913
6800.0,55 Cnc d,5.4562902097733375,0.10172109147011954
6850.0,55 Cnc e,0.015400021041192539,0.06323379552384704
6850.0,55 Cnc b,0.11801665241995155,0.012509139006556287
6850.0,55 Cnc c,0.24773918382546725,0.0861192388501954
6850.0,55 Cnc f,0.8106641493867206,0.05843344079265038
6850.0,55 Cnc d,5.58786977022754,0.09457668223012158
6900.0,55 Cnc e,0.015400019815133946,0.063994877671606
6900.0,55 Cnc b,0.11800171460907874,0.027195826594116443
6900.0,55 Cnc c,0.24638918456677358,0.07548055809564566
6900.0,55 Cnc f,0.8086600961660848,0.05747883195705543
6900.0,55 Cnc d,5.566827271968485,0.10288904083757593
6950.0,55 Cnc e,0.015400002835325574,0.0647123777231767
6950.0,55 Cnc b,0.11799279234628735,0.035432108892295935
6950.0,55 Cnc c,0.24688456563258632,0.06448570764255958
6950.0,55 Cnc f,0.8074333704982581,0.05707529028934954
6950.0,55 Cnc d,5.466803731163724,0.0998956698170309
7000.0,55 Cnc e,0.015400008519256997,0.06552439208662364
7000.0,55 Cnc b,0.11802336365635997,0.03885797619238901
7000.0,55 Cnc c,0.24765014378381422,0.043706450858223986
7000.0,55 Cnc f,0.8041990175940332,0.05965552951642219
7000.0,55 Cnc d,5.600819823891729,0.09204265894175005
7050.0,55 Cnc e,0.015400002604257836,0.06668228015644485
7050.0,55 Cnc b,0.11801785152854057,0.03783225678125176
7050.0,55 Cnc c,0.24610751750955712,0.046789798579006434
7050.0,55 Cnc f,0.8024510524710913,0.060773782987919266
7050.0,55 Cnc d,5.545687248419633,0.1011065506940755
7100.0,55 Cnc e,0.015399988236426484,0.06823801369046653
7100.0,55 Cnc b,0.11799251384014835,0.03384728828975078
7100.0,55 Cnc c,0.2470065254779799,0.06696785284951755
7100.0,55 Cnc f,0.8015966048922967,0.05983740926279924
7100.0,55 Cnc d,5.479055041732338,0.09960200611959875
7150.0,55 Cnc e,0.01539998171441584,0.06984488896351927
7150.0,55 Cnc b,0.11801152333078581,0.02579086626682933
7150.0,55 Cnc c,0.24809295220580813,0.08069059095373995
7150.0,55 Cnc f,0.8018575564794153,0.05952407860436185
7150.0,55 Cnc d,5.610344763963806,0.089909127489166
7200.0,55 Cnc e,0.015399960605668252,0.07088190921152873
7200.0,55 Cnc b,0.11800574691867749,0.010859804299985547
7200.0,55 Cnc c,0.2465382284696418,0.08430199545342786
7200.0,55 Cnc f,0.8059753110146608,0.061938940516910596
7200.0,55 Cnc d,5.50633059571814,0.09739062053375892
7250.0,55 Cnc e,0.01539994728945681,0.07098494927608087
7250.0,55 Cnc b,0.11799496982870403,0.0003708443421089095
7250.0,55 Cnc c,0.24630149713740285,0.09222808404416122
7250.0,55 Cnc f,0.8083368730129077,0.06320644008002349
7250.0,55 Cnc d,5.518827750803233,0.09835203883337541
7300.0,55 Cnc e,0.015399932707814803,0.07049157328788425
7300.0,55 Cnc b,0.11799863021572261,0.012902897123564735
7300.0,55 Cnc c,0.2469654511516908,0.08236564937035637
7300.0,55 Cnc f,0.8103646781941963,0.06345938812200579
7300.0,55 Cnc d,5.610745989183643,0.08917019973675908
7350.0,55 Cnc e,0.015399924779898306,0.07019857981264878
7350.0,55 Cnc b,0.11799143388121501,0.027065002815447596
7350.0,55 Cnc c,0.2480659466718827,0.07925134864104247
7350.0,55 Cnc f,0.8093270082101589,0.06204524643023545
7350.0,55 Cnc d,5.4697331225049295,0.09412717118585041
7400.0,55 Cnc e,0.015399924354717829,0.07074189980915964
7400.0,55 Cnc b,0.11798563275902711,0.034270545578667294
7400.0,55 Cnc c,0.24649197988411436,0.06338100682541044
7400.0,55 Cnc f,0.8058841157202323,0.06121517367136542
7400.0,55 Cnc d,5.5556672647232075,0.09929971798021132
7450.0,55 Cnc e,0.015399924881797075,0.07218013840705181
7450.0,55 Cnc b,0.11800009215466256,0.0381555826018673
7450.0,55 Cnc c,0.24658047061064026,0.044310731848693
7450.0,55 Cnc f,0.8045782800747523,0.061545674795463905
7450.0,55 Cnc d,5.596689103111727,0.09137544466164209
7500.0,55 Cnc e,0.015399923242962788,0.07399694103412438
7500.0,55 Cnc b,0.11799755958987136,0.03900118236515573
7500.0,55 Cnc c,0.24764407115474266,0.047834917051216744
7500.0,55 Cnc f,0.8017898663126414,0.06403175176845205
7500.0,55 Cnc d,5.465673118969026,0.09495378615295819
7550.0,55 Cnc e,0.015399926080211292,0.07544587222728612
7550.0,55 Cnc b,0.11797632363218641,0.03500622653193236
7550.0,55 Cnc c,0.24660404984892706,0.06780716935925934
7550.0,55 Cnc f,0.8023073176411212,0.06295415340073397
7550.0,55 Cnc d,5.568851030421207,0.10048794119307897
7600.0,55 Cnc e,0.015399933896502365,0.07612509537729774
7600.0,55 Cnc b,0.11798346318573147,0.02552907588054805
7600.0,55 Cnc c,0.2466780209823642,0.07598696062674842
7600.0,55 Cnc f,0.802787605685249,0.06224967742420628
7600.0,55 Cnc d,5.575307156708054,0.09484110346937155
7650.0,55 Cnc e,0.01539993457678286,0.07623310197800727
7650.0,55 Cnc b,0.11800310595537322,0.010621552958775007
7650.0,55 Cnc c,0.2477699208599752,0.08747697577885753
7650.0,55 Cnc f,0.8055329236514971,0.06294847133741283
7650.0,55 Cnc d,5.4576252707576,0.09580505598430021
7700.0,55 Cnc e,0.015399954054467984,0.07627360210883943
7700.0,55 Cnc b,0.11796800584715812,0.0014512756021190266
7700.0,55 Cnc c,0.2473655786593967,0.09194115767237743
7700.0,55 Cnc f,0.8094622928028518,0.06549247443617026
7700.0,55 Cnc d,5.609467936421341,0.10317386020473188
7750.0,55 Cnc e,0.015399958303241623,0.0765742145764587
7750.0,55 Cnc b,0.11798858246791213,0.013645649643589995
7750.0,55 Cnc c,0.24603887289245094,0.0828563163504972
7750.0,55 Cnc f,0.8094779038076704,0.06599436102634215
7750.0,55 Cnc d,5.53767228445455,0.10128913131290927
7800.0,55 Cnc e,0.015399974746450907,0.07702978511716121
7800.0,55 Cnc b,0.11796272856953713,0.025730648512163033
7800.0,55 Cnc c,0.24724309882171447,0.07693731426960884
7800.0,55 Cnc f,0.8091816815682603,0.06593875384117853
7800.0,55 Cnc d,5.473455615043424,0.09904247557372546
7850.0,55 Cnc e,0.015399984987584887,0.07736054283430902
7850.0,55 Cnc b,0.11798790142011455,0.032569675280954447
7850.0,55 Cnc c,0.24765618767642336,0.060086959893654694
7850.0,55 Cnc f,0.8056368442543359,0.06380441650858455
7850.0,55 Cnc d,5.618248087363861,0.10478598885235865
7900.0,55 Cnc e,0.015399973000353935,0.07746610035855495
7900.0,55 Cnc b,0.11799311115397297,0.037456140633898516
7900.0,55 Cnc c,0.24600786760896762,0.04446515666328115
7900.0,55 Cnc f,0.8035024637926373,0.06323076092066271
7900.0,55 Cnc d,5.517105622809035,0.10527708076406456
7950.0,55 Cnc e,0.015399976898684466,0.07758107966904759
7950.0,55 Cnc b,0.11796610732295054,0.039531079606893456
7950.0,55 Cnc c,0.24720850420641022,0.05350654722402069
7950.0,55 Cnc f,0.802396416257375,0.06442255971506262
7950.0,55 Cnc d,5.492136881674118,0.10137909173379585
8000.0,55 Cnc e,0.015399977807416386,0.07808875216531438
8000.0,55 Cnc b,0.1179678088127452,0.035473884926952755
8000.0,55 Cnc c,0.24810579067706817,0.06832269826759431
8000.0,55 Cnc f,0.801876804973522,0.06500374974746985
8000.0,55 Cnc d,5.607968803525569,0.10627019412929156
8050.0,55 Cnc e,0.015399986726962292,0.07916844353848862
8050.0,55 Cnc b,0.11798415493032798,0.02425260764288909
8050.0,55 Cnc c,0.24622780302092934,0.07327560027773385
8050.0,55 Cnc f,0.804346726450434,0.06294436033944192
8050.0,55 Cnc d,5.498155875190345,0.10914403711805466
8100.0,55 Cnc e,0.015399991720346501,0.08048198480906524
8100.0,55 Cnc b,0.11797552322357535,0.011562632821773503
8100.0,55 Cnc c,0.24658945974735524,0.08448326188877411
8100.0,55 Cnc f,0.8057591805110329,0.0629907960655339
8100.0,55 Cnc d,5.527467782763344,0.10640329970003612
8150.0,55 Cnc e,0.015400007368178502,0.08128410228731382
8150.0,55 Cnc b,0.11796788060436933,0.0028718613937617635
8150.0,55 Cnc c,0.2476721566677952,0.08715069257024632
8150.0,55 Cnc f,0.8090775075218857,0.063824506863939
8150.0,55 Cnc d,5.5955331268282364,0.10833218594439331
8200.0,55 Cnc e,0.015400018522023492,0.0810774322560767
8200.0,55 Cnc b,0.11797095399941065,0.013042610540929077
8200.0,55 Cnc c,0.247546465875776,0.08409971505384027
8200.0,55 Cnc f,0.8101175603689428,0.06557364831019451
8200.0,55 Cnc d,5.470044728349099,0.11508391032330423
8250.0,55 Cnc e,0.015400021201040785,0.08008109362027359
8250.0,55 Cnc b,0.11796568692855827,0.02362465012419624
8250.0,55 Cnc c,0.24640419792306098,0.07702891888679407
8250.0,55 Cnc f,0.8075401242794481,0.0649683594523579
8250.0,55 Cnc d,5.574833928891224,0.11225677358339238
8300.0,55 Cnc e,0.015400019812812984,0.07905726737629863
8300.0,55 Cnc b,0.11797753423538886,0.030571229439974458
8300.0,55 Cnc c,0.24676184160768092,0.06030931623007718
8300.0,55 Cnc f,0.8059811555809823,0.06427568933732301
8300.0,55 Cnc d,5.56880713046281,0.10879935200094495
8350.0,55 Cnc e,0.015400016259157347,0.07872003233721193
8350.0,55 Cnc b,0.11798189431216322,0.0375614569756824
8350.0,55 Cnc c,0.2474399621022829,0.04498178741273195
8350.0,55 Cnc f,0.8024118033928875,0.062008981564905565
8350.0,55 Cnc d,5.4779591514540025,0.1144182324067694
8400.0,55 Cnc e,0.015400014421490542,0.07929372119181344
8400.0,55 Cnc b,0.11796065447742535,0.04021087382580143
8400.0,55 Cnc c,0.24657704676270145,0.05451935795322226
8400.0,55 Cnc f,0.8025960766149178,0.06255795674503395
8400.0,55 Cnc d,5.5850937862589,0.112970315807038
8450.0,55 Cnc e,0.015400011545391768,0.08037914551915892
8450.0,55 Cnc b,0.11796087763912613,0.035427004924702556
8450.0,55 Cnc c,0.24699583020011442,0.06177984855328517
8450.0,55 Cnc f,0.8026017440450327,0.06340307409658984
8450.0,55 Cnc d,5.5422564946165025,0.1090665040778158
8500.0,55 Cnc e,0.01540001226548468,0.08125525897617675
8500.0,55 Cnc b,0.11799614999321495,0.024175754429895648
8500.0,55 Cnc c,0.2475246358704125,0.07279351249130864
8500.0,55 Cnc f,0.8046920794522592,0.062057787252834305
8500.0,55 Cnc d,5.487726668741917,0.11404589970143557
8550.0,55 Cnc e,0.015400006803823776,0.08144736855449011
8550.0,55 Cnc b,0.11796798162727537,0.013738316474686405
8550.0,55 Cnc c,0.2465748660300281,0.0840733771182639
8550.0,55 Cnc f,0.8074084388222389,0.05998424739551142
8550.0,55 Cnc d,5.608278231399814,0.1155045393102986
8600.0,55 Cnc e,0.015400000949595033,0.08105219832039018
8600.0,55 Cnc b,0.1179733991039978,0.004381024644418429
8600.0,55 Cnc c,0.24631825349795022,0.08641150429770068
8600.0,55 Cnc f,0.8084878662451894,0.06004205778177529
8600.0,55 Cnc d,5.50776898409456,0.10985101360491892
8650.0,55 Cnc e,0.015399988657046957,0.08055780233807616
8650.0,55 Cnc b,0.11796686473101678,0.012368196807721457
8650.0,55 Cnc c,0.24746607218618896,0.0828174840356982
8650.0,55 Cnc f,0.8097579033982446,0.06085945801759851
8650.0,55 Cnc d,5.506097704736241,0.11219851771266057
8700.0,55 Cnc e,0.015399969231429906,0.08029529702833575
8700.0,55 Cnc b,0.11797813949318511,0.02154030156932424
8700.0,55 Cnc c,0.2477246225433642,0.07642596403111052
8700.0,55 Cnc f,0.8073644817688114,0.06159551609543226
8700.0,55 Cnc d,5.621706411024409,0.11673611161680973
8750.0,55 Cnc e,0.01539997076254239,0.08015290482752653
8750.0,55 Cnc b,0.11799144146413879,0.03008076622760515
8750.0,55 Cnc c,0.24602515895922192,0.06075703105142219
8750.0,55 Cnc f,0.8044424088791217,0.061276951129521424
8750.0,55 Cnc d,5.489277433831778,0.10855875929339495
8800.0,55 Cnc e,0.015399962785039538,0.07979747090760322
8800.0,55 Cnc b,0.11797116106508126,0.03880273728711182
8800.0,55 Cnc c,0.24716706075966063,0.052525312141017126
8800.0,55 Cnc f,0.8028875919612039,0.06044832882308806
8800.0,55 Cnc d,5.528352768540652,0.10865717476378899
8850.0,55 Cnc e,0.015399959503799972,0.07913089349967166
8850.0,55 Cnc b,0.1179628934772713,0.04156832119197188
8850.0,55 Cnc c,0.24810350349411597,0.05488976905866439
8850.0,55 Cnc f,0.8014159997269252,0.059408060091323434
8850.0,55 Cnc d,5.595460005779424,0.11265218220998892
8900.0,55 Cnc e,0.01539994929741696,0.07840358708057751
8900.0,55 Cnc b,0.1179875292791121,0.0351331346927628
8900.0,55 Cnc c,0.2462261270744234,0.058039253229307926
8900.0,55 Cnc f,0.8039185905457722,0.06111010759709026
8900.0,55 Cnc d,5.486973998537596,0.10683406068956725
8950.0,55 Cnc e,0.015399940735682691,0.07803890914130741
8950.0,55 Cnc b,0.11798990482956792,0.02499975216978377
8950.0,55 Cnc c,0.24667002530559107,0.06978766844160463
8950.0,55 Cnc f,0.8050464640261774,0.0607086885696929
8950.0,55 Cnc d,5.558081840318086,0.104598832039625
9000.0,55 Cnc e,0.015399934759987266,0.07834923125306634
9000.0,55 Cnc b,0.11798849474227913,0.015767643500015072
9000.0,55 Cnc c,0.24789877082183975,0.08433520455377409
9000.0,55 Cnc f,0.8084485653901412,0.05796663439070581
9000.0,55 Cnc d,5.576618949040831,0.10958927661339021
9050.0,55 Cnc e,0.015399928673079837,0.07910988336782783
9050.0,55 Cnc b,0.11798565676133625,0.005378313777245388
9050.0,55 Cnc c,0.2470418092458959,0.08689003812456741
9050.0,55 Cnc f,0.8095735108836452,0.056583046029425876
9050.0,55 Cnc d,5.479692627721148,0.10486710566039961
9100.0,55 Cnc e,0.015399924089998204,0.079547055036592
9100.0,55 Cnc b,0.11798502818055054,0.012001434952304907
9100.0,55 Cnc c,0.24625724378190078,0.08649678891938276
9100.0,55 Cnc f,0.8084116477949171,0.0579373788260783
9100.0,55 Cnc d,5.586614316457108,0.09954750473754631
9150.0,55 Cnc e,0.015399929569919516,0.07899509032620736
9150.0,55 Cnc b,0.11799300378102491,0.020304977629317086
9150.0,55 Cnc c,0.24711480116827403,0.0769302544089062
9150.0,55 Cnc f,0.8072770319575352,0.059043762887425515
9150.0,55 Cnc d,5.542460790128882,0.10448869768743578
9200.0,55 Cnc e,0.01539993466462525,0.0775078436037542
9200.0,55 Cnc b,0.11800546086841258,0.03109889182253812
9200.0,55 Cnc c,0.24741555288228886,0.05893192304859051
9200.0,55 Cnc f,0.8036036476878031,0.060467904789063644
9200.0,55 Cnc d,5.496004607631166,0.10213936542240652
9250.0,55 Cnc e,0.015399932590414047,0.07575074158237761
9250.0,55 Cnc b,0.11798792545982249,0.03979389114208061
9250.0,55 Cnc c,0.24640018755415735,0.05444274726598854
9250.0,55 Cnc f,0.8025116646532487,0.0607656826804536
9250.0,55 Cnc d,5.591084648086685,0.09730244665173869
9300.0,55 Cnc e,0.015399942783267256,0.07447536488990265
9300.0,55 Cnc b,0.11797944885832068,0.04165083377343155
9300.0,55 Cnc c,0.24720226392761044,0.051658752995452924
9300.0,55 Cnc f,0.8016311196522067,0.05960227466042344
9300.0,55 Cnc d,5.515562259203387,0.10067368027554455
9350.0,55 Cnc e,0.015399941076442722,0.0740443149145792
9350.0,55 Cnc b,0.11801280274193103,0.03483836911026731
9350.0,55 Cnc c,0.24757931670400532,0.057991733545156715
9350.0,55 Cnc f,0.8034119655972094,0.060838475873251335
9350.0,55 Cnc d,5.525335296504905,0.09866966392952294
9400.0,55 Cnc e,0.015399944620553153,0.07424000913172428
9400.0,55 Cnc b,0.1180073755440829,0.025361212609965558
9400.0,55 Cnc c,0.2459976381852703,0.07118148762259092
9400.0,55 Cnc f,0.8064964890734155,0.06258088492866554
9400.0,55 Cnc d,5.595429405271459,0.09527607454232975
9450.0,55 Cnc e,0.015399961303197386,0.07449618178317378
9450.0,55 Cnc b,0.11798603473590433,0.017367094678685212
9450.0,55 Cnc c,0.24702905409436204,0.0845702132038306
9450.0,55 Cnc f,0.8084574869165341,0.06144393313109719
9450.0,55 Cnc d,5.483329047820331,0.09575142294324558
9500.0,55 Cnc e,0.015399967728186892,0.07428331168901453
9500.0,55 Cnc b,0.11801276484246954,0.004806728782290099
9500.0,55 Cnc c,0.24758100192292662,0.08204547584528203
9500.0,55 Cnc f,0.8103955296129894,0.059647301051200106
9500.0,55 Cnc d,5.548935431148049,0.0957891206040829
9550.0,55 Cnc e,0.015399991090075912,0.07349626013152706
9550.0,55 Cnc b,0.11799068929850845,0.01083263784340487
9550.0,55 Cnc c,0.2475336307305256,0.08659518076255349
9550.0,55 Cnc f,0.8084264571558604,0.060197951645747386
9550.0,55 Cnc d,5.593848909053486,0.09283083044073553
9600.0,55 Cnc e,0.015399996762149811,0.07252241005372555
9600.0,55 Cnc b,0.11801403261272078,0.019450336002112406
9600.0,55 Cnc c,0.24592391843907466,0.07580448929606928
9600.0,55 Cnc f,0.8057236868544381,0.06226275751499641
9600.0,55 Cnc d,5.472080350010321,0.09432856912655455
9650.0,55 Cnc e,0.01540000315847233,0.07171348132870681
9650.0,55 Cnc b,0.11800148245643215,0.031542414745635405
9650.0,55 Cnc c,0.24728070574248992,0.06505036508114895
9650.0,55 Cnc f,0.8040082717435959,0.06325576527701865
9650.0,55 Cnc d,5.570323730889435,0.09525643646396127
9700.0,55 Cnc e,0.015400014076081403,0.07094906886524827
9700.0,55 Cnc b,0.11798628941393238,0.03993672541052678
9700.0,55 Cnc c,0.24800513178912448,0.056598551815087675
9700.0,55 Cnc f,0.8013155984329048,0.06477769104727561
9700.0,55 Cnc d,5.566034289684921,0.09515778130326495
9750.0,55 Cnc e,0.015400014122338474,0.06990105477725442
9750.0,55 Cnc b,0.11800584894478189,0.04005219487726723
9750.0,55 Cnc c,0.24623066548908207,0.049926068022539585
9750.0,55 Cnc f,0.8024631852600721,0.06401111216300309
9750.0,55 Cnc d,5.481601460869272,0.09597704677838537
9800.0,55 Cnc e,0.015400019706950561,0.06854418074956557
9800.0,55 Cnc b,0.11801465976158615,0.03425864193564075
9800.0,55 Cnc c,0.24682352373894156,0.05296433007641563
9800.0,55 Cnc f,0.8029554880621558,0.06350255513650839
9800.0,55 Cnc d,5.592620916550453,0.09475242910031473
9850.0,55 Cnc e,0.015400020996315348,0.06719371040462031
9850.0,55 Cnc b,0.11801099940663856,0.02621540922642103
9850.0,55 Cnc c,0.24767421125218694,0.07141272776624098
9850.0,55 Cnc f,0.8071545439925187,0.0669865983426604
9850.0,55 Cnc d,5.5401010831725435,0.09703975830359084
9900.0,55 Cnc e,0.015400030063984278,0.066283004428155
9900.0,55 Cnc b,0.11799650599261324,0.01868261844877129
9900.0,55 Cnc c,0.24654989374527359,0.08289513710959936
9900.0,55 Cnc f,0.8094838415325175,0.06821293875596932
9900.0,55 Cnc d,5.485517502894582,0.09657754899100124
9950.0,55 Cnc e,0.01540003179176059,0.0660868484831831
9950.0,55 Cnc b,0.11801057383008352,0.004020294591015618
9950.0,55 Cnc c,0.24643832250528985,0.0843766290751441
9950.0,55 Cnc f,0.8100310271584333,0.06692601231944835
9950.0,55 Cnc d,5.607786149879134,0.0948174070909851
10000.0,55 Cnc e,0.01540003048248765,0.0664244503674494
10000.0,55 Cnc b,0.11800420182536984,0.008300131182853806
10000.0,55 Cnc c,0.2478308008612936,0.08560965515440648
10000.0,55 Cnc f,0.8089718975685883,0.06578689724696192
10000.0,55 Cnc d,5.514773741251346,0.0998085347098483
