t_yr,body,a_au,e,x_au,y_au,z_au
166.66666666666666,Alpha Centauri B,23.578457886660498,0.5160541832337745,-7.654989,-0.954346,-12.356592
166.66666666666666,Alpha Centauri A b,1.600627516404342,0.3307495097609275,1.234647,-1.344115,1.000884
333.3333333333333,Alpha Centauri B,23.6749656681376,0.5174063153868921,-17.195054,-6.322101,-7.841768
333.3333333333333,Alpha Centauri A b,1.5996789745169864,0.25633448347311966,-0.982117,0.350009,-0.574132
500.0,Alpha Centauri B,23.600957031172552,0.516972142242741,-22.624779,-10.277762,-0.983337
500.0,Alpha Centauri A b,1.6002568497476257,0.20007630610001148,1.592853,0.580208,0.700937
666.6666666666666,Alpha Centauri B,23.637990695423785,0.5156939900418109,-25.054121,-12.855999,5.936015
666.6666666666666,Alpha Centauri A b,1.5997026102581773,0.16435517560383398,-0.302723,-1.513007,0.25331
833.3333333333334,Alpha Centauri B,23.60381186992403,0.5179265617013746,-25.453449,-14.424753,12.53344
833.3333333333334,Alpha Centauri A b,1.599699964018176,0.15079808147339407,-0.033695,1.489743,-0.455499
1000.0,Alpha Centauri B,23.6223868260087,0.5161132473980067,-24.304117,-15.102119,18.294782
1000.0,Alpha Centauri A b,1.5995655450628563,0.16473814317198793,1.255202,-0.328506,1.23313
1166.6666666666667,Alpha Centauri B,23.627352105507793,0.5164511122310744,-21.932898,-15.032589,23.1983
1166.6666666666667,Alpha Centauri A b,1.5996657847040698,0.2043363567722011,-0.904463,-0.294796,-0.877502
1333.3333333333333,Alpha Centauri B,23.604085218224178,0.5175967790721597,-18.572426,-14.290152,27.08
1333.3333333333333,Alpha Centauri A b,1.599640783043379,0.2657051035452677,0.873297,1.71128,0.558084
1500.0,Alpha Centauri B,23.642766305517295,0.5151880998844531,-14.452129,-12.950405,29.786451
1500.0,Alpha Centauri A b,1.5997829528307412,0.34536366211743563,0.591145,-0.71336,1.201872
1666.6666666666667,Alpha Centauri B,23.600368200608425,0.5178540765011048,-9.68943,-11.042733,31.210826
1666.6666666666667,Alpha Centauri A b,1.5997851266312404,0.43913921688931795,0.129952,1.596189,-0.608092
1833.3333333333333,Alpha Centauri B,23.62728581140063,0.516717151044822,-4.382208,-8.568496,31.134275
1833.3333333333333,Alpha Centauri A b,1.5994686579668143,0.5384805126102611,0.990088,1.693537,1.465919
2000.0,Alpha Centauri B,23.608752673402915,0.5155026839398811,0.99409,-5.699451,29.32674
2000.0,Alpha Centauri A b,1.5997606655900323,0.6264742395172079,-0.206803,-0.615703,0.501109
2166.6666666666665,Alpha Centauri B,23.632502539145136,0.5170129219491989,6.433314,-2.328197,25.274829
2166.6666666666665,Alpha Centauri A b,1.599107579990936,0.6831869809810293,1.075433,1.971227,0.690323
2333.3333333333335,Alpha Centauri B,23.637253692483007,0.5165183106953287,11.019007,1.214501,18.524782
2333.3333333333335,Alpha Centauri A b,1.6003637046355563,0.6873022997738287,0.1923,1.411897,2.010562
2500.0,Alpha Centauri B,23.649918062923664,0.5177190879169495,13.288623,4.407148,8.33366
2500.0,Alpha Centauri A b,1.5985273716150095,0.628283823581331,0.991303,0.294589,-0.371567
2666.6666666666665,Alpha Centauri B,23.62899073755526,0.5169034128535553,9.290652,5.355582,-4.991836
2666.6666666666665,Alpha Centauri A b,1.5937248139622533,0.5164535058593172,0.815525,1.545859,1.634762
2833.3333333333335,Alpha Centauri B,23.59234575405889,0.5161269988395678,-3.273079,1.108449,-12.490217
2833.3333333333335,Alpha Centauri A b,1.5971244746641529,0.4366658571154354,-1.270777,0.557131,0.859075
3000.0,Alpha Centauri B,23.624118005430446,0.51724906730511,-14.491302,-4.656426,-9.805584
3000.0,Alpha Centauri A b,1.6004597696175995,0.3368789419801031,1.602133,0.086316,0.271067
3166.6666666666665,Alpha Centauri B,23.60909120012548,0.5162390169418636,-21.184296,-9.110008,-3.375309
3166.6666666666665,Alpha Centauri A b,1.5991411505107787,0.26278069146789795,-0.003846,1.10633,1.65457
3333.3333333333335,Alpha Centauri B,23.639089696803048,0.5170388021385842,-24.489663,-12.114907,3.627392
3333.3333333333335,Alpha Centauri A b,1.599647537155991,0.21168029841622088,-0.588808,-0.470811,-1.011562
3500.0,Alpha Centauri B,23.602385011671004,0.5171147038403875,-25.512234,-14.01047,10.390096
3500.0,Alpha Centauri A b,1.5997270018117313,0.1885549023259156,1.589105,0.04594,0.970172
3666.6666666666665,Alpha Centauri B,23.647325987046404,0.5151846458766611,-24.834939,-14.969203,16.448541
3666.6666666666665,Alpha Centauri A b,1.599743423412975,0.19821785039729906,-1.018001,0.731438,0.81669
3833.3333333333335,Alpha Centauri B,23.59574867009728,0.5180611617199798,-22.851014,-15.142637,21.646186
3833.3333333333335,Alpha Centauri A b,1.5997555217298898,0.24007418672240163,1.299086,-0.793457,-0.751579
4000.0,Alpha Centauri B,23.623226733078447,0.5163310627191414,-19.789326,-14.617103,25.903112
4000.0,Alpha Centauri A b,1.5995869869100714,0.3090575787819383,1.20847,-0.050245,1.583272
4166.666666666667,Alpha Centauri B,23.61588492029959,0.5166862872876123,-15.924273,-13.4759,29.002671
4166.666666666667,Alpha Centauri A b,1.599723159522668,0.39920870968621053,-0.557027,0.096202,-0.83004
4333.333333333333,Alpha Centauri B,23.61420769529672,0.5172248888490465,-11.298741,-11.729742,30.898589
4333.333333333333,Alpha Centauri A b,1.5994693433502316,0.5036363054860116,2.101351,-0.902579,0.341916
4500.0,Alpha Centauri B,23.634725890508854,0.5158710307128422,-6.231479,-9.473846,31.348867
4500.0,Alpha Centauri A b,1.5999692832499983,0.6076985499158365,0.784046,-0.580872,1.73614
4666.666666666667,Alpha Centauri B,23.613505242112844,0.5174572696928336,-0.857397,-6.731946,30.159429
4666.666666666667,Alpha Centauri A b,1.59949050419946,0.6899750051625791,1.689183,-0.3556,-0.309582
4833.333333333333,Alpha Centauri B,23.63665234805874,0.5164690804742615,4.599751,-3.529544,26.958368
4833.333333333333,Alpha Centauri A b,1.5998538284003454,0.7250425301529438,1.961434,-1.297204,1.42746
5000.0,Alpha Centauri B,23.597989763444073,0.5161222312751427,9.577723,-0.018519,21.229034
5000.0,Alpha Centauri A b,1.599185126962359,0.6997217939220657,-0.306334,-0.989502,0.672873
5166.666666666667,Alpha Centauri B,23.653086404526427,0.5171665171146459,12.961976,3.464067,12.1112
5166.666666666667,Alpha Centauri A b,1.6016969391712774,0.6145155859334823,1.935397,-0.090124,0.919376
5333.333333333333,Alpha Centauri B,23.59296777002161,0.5161702912288908,11.736784,5.526944,-0.422889
5333.333333333333,Alpha Centauri A b,1.5951997662930337,0.4935137195376779,0.735122,-1.741881,1.078535
5500.0,Alpha Centauri B,23.740869023746534,0.5191769417143685,1.407101,3.031742,-11.334603
5500.0,Alpha Centauri A b,1.5993875969639861,0.4056258661592872,-0.190627,0.897248,-0.406803
5666.666666666667,Alpha Centauri B,23.597516344547905,0.5164860422436918,-11.313142,-2.854951,-11.371262
5666.666666666667,Alpha Centauri A b,1.6021155941539809,0.30909098056542866,1.431958,-0.25385,1.455666
5833.333333333333,Alpha Centauri B,23.645012015878798,0.5163074172994625,-19.315806,-7.740075,-5.763527
5833.333333333333,Alpha Centauri A b,1.5997538860349523,0.24657403253459145,-0.504284,-1.325163,-0.30118
6000.0,Alpha Centauri B,23.59921287427581,0.5174771692264558,-23.652312,-11.215956,1.227479
6000.0,Alpha Centauri A b,1.599919651410177,0.2184416032551212,0.626873,1.490689,0.520201
6166.666666666667,Alpha Centauri B,23.62740400071322,0.5159346715395857,-25.380942,-13.467479,8.133961
6166.666666666667,Alpha Centauri A b,1.5995257833311156,0.23055005444832982,0.770249,-0.863866,1.387752
6333.333333333333,Alpha Centauri B,23.61541737130726,0.5174152346846079,-25.232325,-14.728166,14.468532
6333.333333333333,Alpha Centauri A b,1.599714669187739,0.2796051019552579,-0.461239,0.633432,-1.022192
6500.0,Alpha Centauri B,23.605383092298087,0.5172194863076969,-23.621893,-15.157331,20.065756
6500.0,Alpha Centauri A b,1.5995725196849737,0.35898679556327867,0.816486,1.495524,1.330779
6666.666666666667,Alpha Centauri B,23.646364956317647,0.5150345598723272,-20.931468,-14.861476,24.586873
6666.666666666667,Alpha Centauri A b,1.5998197026770045,0.4604698729018273,0.169057,-0.861481,1.057349
6833.333333333333,Alpha Centauri B,23.603988170155063,0.5176328298777535,-17.297569,-13.915683,28.099728
6833.333333333333,Alpha Centauri A b,1.5996649591605427,0.5725764830047371,0.570956,1.901523,0.34523
7000.0,Alpha Centauri B,23.626082575148097,0.5163776468873694,-12.881671,-12.360178,30.429248
7000.0,Alpha Centauri A b,1.5996005102711583,0.6748241043553702,0.5478,1.396791,2.142474
7166.666666666667,Alpha Centauri B,23.56302989784457,0.5185774757872211,-8.02883,-10.310118,31.365457
7166.666666666667,Alpha Centauri A b,1.5997569834955039,0.7394352001924633,0.059348,-0.102586,-0.432124
7333.333333333333,Alpha Centauri B,23.627903433327457,0.5166856782140358,-2.60093,-7.663504,30.738183
7333.333333333333,Alpha Centauri A b,1.5994587829393292,0.7448145032192998,0.940246,1.731581,1.667913
7500.0,Alpha Centauri B,23.630233421873577,0.5160308336592148,2.814577,-4.635385,28.268776
7500.0,Alpha Centauri A b,1.599813951073655,0.6885354283187178,-0.627466,1.089608,1.847715
7666.666666666667,Alpha Centauri B,23.632698057842436,0.5173684298714782,7.993311,-1.233571,23.499349
7666.666666666667,Alpha Centauri A b,1.5994032451190805,0.5906238697491786,1.367547,0.342326,0.508485
7833.333333333333,Alpha Centauri B,23.63261808682309,0.5165428980128552,12.13011,2.339556,15.624938
7833.333333333333,Alpha Centauri A b,1.6005515094123495,0.47533509566883825,0.288293,1.232503,1.99343
8000.0,Alpha Centauri B,23.58347567483906,0.5162887403898838,12.978532,5.138032,4.180109
8000.0,Alpha Centauri A b,1.6005708970257915,0.36243939434269334,-1.11147,0.07255,-0.43638
8166.666666666667,Alpha Centauri B,23.6580551590543,0.5175437466792459,5.845811,4.536301,-8.69117
8166.666666666667,Alpha Centauri A b,1.596087712906197,0.2893293962456513,1.486748,-0.017358,1.080073
8333.333333333334,Alpha Centauri B,23.593594549471884,0.5160792175583723,-7.416276,-0.833531,-12.39203
8333.333333333334,Alpha Centauri A b,1.597849312763389,0.2517369299162681,-0.668256,0.906221,1.365669
8500.0,Alpha Centauri B,23.636536414619737,0.5174677940998202,-17.116197,-6.27403,-7.906472
8500.0,Alpha Centauri A b,1.5989542872686835,0.2562056562671496,0.678707,-0.704857,-1.017949
8666.666666666666,Alpha Centauri B,23.6037339907322,0.5167312366466635,-22.553543,-10.222588,-1.111012
8666.666666666666,Alpha Centauri A b,1.5997821120005238,0.3063104781131726,1.356608,-0.265269,1.552499
8833.333333333334,Alpha Centauri B,23.665324741920003,0.5155088935873322,-25.036946,-12.840147,5.870129
8833.333333333334,Alpha Centauri A b,1.599803274941864,0.3914409998831988,-0.910511,0.497017,0.10405
9000.0,Alpha Centauri B,23.59919632686133,0.517445262697221,-25.452462,-14.419258,12.467032
9000.0,Alpha Centauri A b,1.5997254246412027,0.49977706371441327,1.932045,-0.984473,0.196095
9166.666666666666,Alpha Centauri B,23.625160582316823,0.5161329575982906,-24.316974,-15.104662,18.241166
9166.666666666666,Alpha Centauri A b,1.5995982426355269,0.6166971730466768,0.984899,-0.695119,1.852626
9333.333333333334,Alpha Centauri B,23.59684480389539,0.5180488820365383,-21.961473,-15.041834,23.146545
9333.333333333334,Alpha Centauri A b,1.5998668626665054,0.7166555512874629,1.211023,-0.241628,-0.454483
9500.0,Alpha Centauri B,23.619224271028788,0.5166218962800811,-18.578186,-14.296712,27.07192
9500.0,Alpha Centauri A b,1.5994622322578593,0.7695807534668648,2.085021,-1.259561,1.391275
9666.666666666666,Alpha Centauri B,23.63546335790903,0.5155556604131312,-14.489734,-12.966258,29.768468
9666.666666666666,Alpha Centauri A b,1.5998895954546886,0.7555676469290654,0.194059,-1.378127,1.095695
9833.333333333334,Alpha Centauri B,23.617163701928682,0.5170574655173872,-9.731032,-11.061575,31.206675
9833.333333333334,Alpha Centauri A b,1.5995486552922833,0.681791765669914,1.781823,-0.10786,1.043726
10000.0,Alpha Centauri B,23.633738825136422,0.5159083945414495,-4.507329,-8.630407,31.15751
10000.0,Alpha Centauri A b,1.5997965038997306,0.57407455882713,1.144743,-1.654481,1.394304
10166.666666666666,Alpha Centauri B,23.585214805793722,0.5178956528574995,0.936356,-5.729497,29.358835
10166.666666666666,Alpha Centauri A b,1.5996746931089783,0.461639818560211,-0.567516,0.257263,-0.60364
10333.333333333334,Alpha Centauri B,23.63740073303011,0.5166399015805313,6.348001,-2.38406,25.365607
10333.333333333334,Alpha Centauri A b,1.6001947838119903,0.3631979822819551,1.355311,0.058588,1.550486
10500.0,Alpha Centauri B,23.60045558680666,0.516061587097346,10.952587,1.153759,18.672928
10500.0,Alpha Centauri A b,1.598685581569639,0.2937978207072511,0.064316,-1.631147,0.292211
10666.666666666666,Alpha Centauri B,23.675434578592096,0.517796532877579,13.288613,4.384473,8.443719
10666.666666666666,Alpha Centauri A b,1.5985196277642069,0.26277665423467683,0.281867,1.557069,0.239455
10833.333333333334,Alpha Centauri B,23.60526835412173,0.5164378673994411,9.4003,5.371114,-4.838846
10833.333333333334,Alpha Centauri A b,1.5969872331827157,0.28331118966815144,0.89424,-0.301533,1.721656
11000.0,Alpha Centauri B,23.6741855054189,0.517650747521902,-3.047326,1.206035,-12.467107
11000.0,Alpha Centauri A b,1.5999540083876502,0.3740644780067666,-0.409497,0.034456,-0.954615
11166.666666666666,Alpha Centauri B,23.606977731216656,0.5168659499776044,-14.406039,-4.604259,-9.855708
11166.666666666666,Alpha Centauri A b,1.6007200215724386,0.49418409414227216,0.702694,1.697394,1.467044
11333.333333333334,Alpha Centauri B,23.62329889200982,0.5162223530196678,-21.091203,-9.035306,-3.508446
11333.333333333334,Alpha Centauri A b,1.5992876432298282,0.6194044504373007,0.302383,-0.122773,1.767489
11500.0,Alpha Centauri B,23.60238147587994,0.5173274221253823,-24.461355,-12.076621,3.535848
11500.0,Alpha Centauri A b,1.6000179672337205,0.7277989384606496,0.68996,1.769468,0.577934
11666.666666666666,Alpha Centauri B,23.614232213209043,0.5165759600756308,-25.511651,-13.997568,10.357974
11666.666666666666,Alpha Centauri A b,1.5993695065474438,0.78976945116594,0.464267,1.653902,2.270011
11833.333333333334,Alpha Centauri B,23.655832282765164,0.5153611848109898,-24.854179,-14.957264,16.366014
11833.333333333334,Alpha Centauri A b,1.5999480581568555,0.7813586048897823,-0.65808,-0.046352,0.513199
12000.0,Alpha Centauri B,23.613328109013622,0.5168250041443646,-22.858856,-15.139984,21.630833
12000.0,Alpha Centauri A b,1.599545701568508,0.7077839660700912,1.039881,1.329706,1.777808
12166.666666666666,Alpha Centauri B,23.63557355434029,0.5156023206412905,-19.839555,-14.627892,25.849549
12166.666666666666,Alpha Centauri A b,1.5997301876235444,0.5964859238535473,-0.698008,1.240899,1.734494
12333.333333333334,Alpha Centauri B,23.586720128611145,0.5187445839907749,-15.9534,-13.486934,28.984951
12333.333333333334,Alpha Centauri A b,1.5997315739100662,0.47942530194509636,1.022109,-0.423682,-0.180702
12500.0,Alpha Centauri B,23.628781816721187,0.516202102557923,-11.327344,-11.743035,30.89281
12500.0,Alpha Centauri A b,1.5996905646320412,0.3785431986604124,0.766029,0.745181,1.904791
12666.666666666666,Alpha Centauri B,23.620240611657447,0.5159758742607381,-6.312328,-9.515073,31.354666
12666.666666666666,Alpha Centauri A b,1.599596157835318,0.3088314831811853,-1.22155,0.518601,-0.139351
12833.333333333334,Alpha Centauri B,23.62133614121642,0.5173228762475602,-0.864746,-6.74022,30.165333
12833.333333333334,Alpha Centauri A b,1.5994542798349816,0.2827986790927064,1.606743,-0.649583,0.474754
13000.0,Alpha Centauri B,23.627995901428324,0.5159585620705943,4.533857,-3.574518,27.015703
13000.0,Alpha Centauri A b,1.5999637009441197,0.3089580196183969,-0.04678,0.630853,1.694895
13166.666666666666,Alpha Centauri B,23.622533058626715,0.5174008566013473,9.521529,-0.066965,21.325466
13166.666666666666,Alpha Centauri A b,1.599167591890941,0.38693493752757124,0.677029,-0.664254,-0.993801
13333.333333333334,Alpha Centauri B,23.65241508559089,0.517108027741855,12.95761,3.454191,12.148787
13333.333333333334,Alpha Centauri A b,1.601135579349426,0.5051580721102846,1.87026,-0.881474,1.232292
13500.0,Alpha Centauri B,23.54040324593106,0.5152585263956311,11.789446,5.525283,-0.284814
13500.0,Alpha Centauri A b,1.5999531742219468,0.6363409256335708,-0.291457,0.09119,1.112818
13666.666666666666,Alpha Centauri B,23.648447884484447,0.5173758650669735,1.554076,3.087625,-11.273607
13666.666666666666,Alpha Centauri A b,1.5931566740645617,0.7630361613265565,2.087427,-1.010581,0.652019
13833.333333333334,Alpha Centauri B,23.603674856088315,0.5164662717994959,-11.194505,-2.791997,-11.415195
13833.333333333334,Alpha Centauri A b,1.6003280945356564,0.8332871568235503,1.58804,-1.467365,1.731854
14000.0,Alpha Centauri B,23.637300678596365,0.5178819462958787,-19.255712,-7.700451,-5.8268
14000.0,Alpha Centauri A b,1.5998495604570082,0.78779606584421,0.71735,0.42821,0.035129
14166.666666666666,Alpha Centauri B,23.610171023556557,0.516634662864464,-23.639595,-11.208067,1.20512
14166.666666666666,Alpha Centauri A b,1.5996189069405367,0.6826059350951655,1.87455,-0.931103,1.58028
14333.333333333334,Alpha Centauri B,23.639086110346167,0.5157580571798405,-25.374526,-13.458606,8.099286
14333.333333333334,Alpha Centauri A b,1.5997109861237937,0.5569068649877829,0.230055,-1.737037,0.548182
14500.0,Alpha Centauri B,23.596906220732212,0.5176733478927116,-25.238956,-14.718407,14.406025
14500.0,Alpha Centauri A b,1.599775094111061,0.4400267408950479,0.992011,0.937086,0.941454
14666.666666666666,Alpha Centauri B,23.629076950881164,0.5159216042728646,-23.640832,-15.156267,20.017416
14666.666666666666,Alpha Centauri A b,1.5995946524325615,0.35054868641971215,1.157509,-0.987727,1.508166
14833.333333333334,Alpha Centauri B,23.611699383602335,0.5172672134315407,-20.970669,-14.867126,24.535543
14833.333333333334,Alpha Centauri A b,1.5997343494907406,0.3023588863871866,-0.634466,0.120933,-0.910347
15000.0,Alpha Centauri B,23.611824061277783,0.517127744485747,-17.31578,-13.919385,28.087446
15000.0,Alpha Centauri A b,1.599573390341157,0.3069698432015997,0.915447,1.0937,1.448073
15166.666666666666,Alpha Centauri B,23.640115908983635,0.5151788539326537,-12.981356,-12.396809,30.395292
15166.666666666666,Alpha Centauri A b,1.5997797819799215,0.36550117341838023,0.425,-1.16717,0.904441
15333.333333333334,Alpha Centauri B,23.606572271391286,0.5177069829134473,-8.039103,-10.310825,31.367743
15333.333333333334,Alpha Centauri A b,1.599580873724221,0.46825421566565606,0.182347,1.765587,0.15541
15500.0,Alpha Centauri B,23.629032809336575,0.5164947536575517,-2.661516,-7.69213,30.757825
15500.0,Alpha Centauri A b,1.59977821714961,0.599396736408975,0.782091,1.15784,2.087059
15666.666666666666,Alpha Centauri B,23.556656848336836,0.5172617952746889,2.71483,-4.693776,28.336181
15666.666666666666,Alpha Centauri A b,1.5995892983316884,0.7335708742085884,-0.081735,-0.093339,-0.428824
15833.333333333334,Alpha Centauri B,23.636188630340143,0.5168381717987888,8.032623,-1.204085,23.453686
15833.333333333334,Alpha Centauri A b,1.5994502667782142,0.830048168772211,0.825956,1.93507,1.723716
16000.0,Alpha Centauri B,23.620687782089146,0.5164043080991433,12.080831,2.282232,15.787539
16000.0,Alpha Centauri A b,1.5992770075534977,0.8422394263487124,-0.144618,1.17123,2.063532
16166.666666666666,Alpha Centauri B,23.676060194779364,0.5177684481474811,12.99531,5.126137,4.269441
16166.666666666666,Alpha Centauri A b,1.6033489542065547,0.7436766124886287,1.284625,0.684246,0.806926
16333.333333333334,Alpha Centauri B,23.601303719190643,0.5163752236113965,5.953712,4.568118,-8.602478
16333.333333333334,Alpha Centauri A b,1.598111317367912,0.6143954849131932,0.304975,1.409611,2.137822
16500.0,Alpha Centauri B,23.636783790354524,0.516753826872479,-7.270223,-0.761393,-12.412407
16500.0,Alpha Centauri A b,1.597655926061571,0.4869574960104001,-1.089473,0.376611,-0.099824
16666.666666666668,Alpha Centauri B,23.608109667337335,0.5169362538071092,-17.053665,-6.233897,-7.956237
16666.666666666668,Alpha Centauri A b,1.6008789624690953,0.3741251981991134,1.540468,-0.046979,1.174808
16833.333333333332,Alpha Centauri B,23.62853132550054,0.5160227193644344,-22.507347,-10.18295,-1.193459
16833.333333333332,Alpha Centauri A b,1.599275303623744,0.31991669031523307,-0.37901,1.016135,1.497738
17000.0,Alpha Centauri B,23.60319270302036,0.5177392406859046,-25.015274,-12.811641,5.777677
17000.0,Alpha Centauri A b,1.5997207604605992,0.32449233101624536,0.8822,-0.860171,-0.742882
17166.666666666668,Alpha Centauri B,23.609486217333195,0.5168542770816436,-25.44993,-14.417907,12.464079
17166.666666666668,Alpha Centauri A b,1.5995629330371577,0.38715130578643825,1.593973,-0.383687,1.493131
17333.333333333332,Alpha Centauri B,23.66051663970207,0.5148314469248306,-24.336348,-15.100697,18.175019
17333.333333333332,Alpha Centauri A b,1.5998031595147224,0.49524211335658486,-0.735999,0.489937,0.171948
17500.0,Alpha Centauri B,23.604110415000907,0.517441010374417,-21.947924,-15.041474,23.162833
17500.0,Alpha Centauri A b,1.5996168518438931,0.6300912853114526,2.011189,-1.090274,0.395219
17666.666666666668,Alpha Centauri B,23.62743953256975,0.516094079270877,-18.650246,-14.318617,27.006538
17666.666666666668,Alpha Centauri A b,1.5996857611874218,0.7614711496158143,1.365576,-0.857281,1.835059
17833.333333333332,Alpha Centauri B,23.599051107313507,0.5179566880082209,-14.534097,-12.984394,29.746604
17833.333333333332,Alpha Centauri A b,1.5997661194041535,0.8455324819178974,1.402471,-0.307597,0.002407
18000.0,Alpha Centauri B,23.625522881201295,0.5164165189403174,-9.781388,-11.085551,31.200547
18000.0,Alpha Centauri A b,1.5995474200924404,0.8457373316813906,2.122282,-1.302306,1.57603
18166.666666666668,Alpha Centauri B,23.630216728129863,0.5156987280645373,-4.576332,-8.665709,31.170601
18166.666666666668,Alpha Centauri A b,1.599756401437785,0.7626741022524287,0.363786,-1.501057,0.766281
18333.333333333332,Alpha Centauri B,23.625236848377646,0.5169404939210993,0.880045,-5.762798,29.391551
18333.333333333332,Alpha Centauri A b,1.599645569333544,0.6333768091548516,1.621356,0.173298,1.271509
18500.0,Alpha Centauri B,23.629235860265645,0.5161499315090071,6.293685,-2.421901,25.424575
18500.0,Alpha Centauri A b,1.5998708124320657,0.5003580390611051,1.267954,-1.438526,1.312607
18666.666666666668,Alpha Centauri B,23.613260942490243,0.5174314509136207,10.900848,1.106456,18.788964
18666.666666666668,Alpha Centauri A b,1.599256540263781,0.39393485859944294,-0.536597,0.572504,-0.597559
18833.333333333332,Alpha Centauri B,23.64817783846844,0.5170727959208486,13.289424,4.369041,8.51802
18833.333333333332,Alpha Centauri A b,1.6028751863272153,0.3317150755182813,1.26064,0.486633,1.61276
19000.0,Alpha Centauri B,23.543478297657412,0.5152363917467097,9.531179,5.391773,-4.650189
19000.0,Alpha Centauri A b,1.60178616979619,0.33902167681372974,0.122971,-1.339889,0.170674
19166.666666666668,Alpha Centauri B,23.663790815649534,0.5177093669939891,-3.025101,1.21599,-12.463957
19166.666666666668,Alpha Centauri A b,1.5949277302633056,0.4331396988634978,0.258501,1.78767,0.497619
19333.333333333332,Alpha Centauri B,23.606835996521056,0.516543350617391,-14.343138,-4.568177,-9.891699
19333.333333333332,Alpha Centauri A b,1.6011513278489369,0.5716797523581963,0.973079,0.666865,2.021082
19500.0,Alpha Centauri B,23.63507773751768,0.5174357772551673,-21.02732,-8.987144,-3.597128
19500.0,Alpha Centauri A b,1.5994827680195771,0.7184258539372598,0.007056,0.898124,-0.392722
19666.666666666668,Alpha Centauri B,23.607425793705367,0.5169313073231322,-24.481459,-12.102575,3.613775
19666.666666666668,Alpha Centauri A b,1.5997306918679295,0.8334538384729987,0.857976,2.021196,1.777959
19833.333333333332,Alpha Centauri B,23.630432164127754,0.5159462530067425,-25.506455,-13.966985,10.220062
19833.333333333332,Alpha Centauri A b,1.5996191030952067,0.8737390969395393,-0.021223,0.95735,1.88608
20000.0,Alpha Centauri B,23.604370789360498,0.5173306673204079,-24.859026,-14.952963,16.331952
20000.0,Alpha Centauri A b,1.5998085638972663,0.8206071626204889,1.243885,1.167478,1.206828
20166.666666666668,Alpha Centauri B,23.624593395794967,0.5161850841542838,-22.84689,-15.138827,21.649136
20166.666666666668,Alpha Centauri A b,1.5995085534916065,0.7012856666755023,0.487032,1.591985,2.145886
20333.333333333332,Alpha Centauri B,23.620993116554487,0.5166462055602049,-19.876301,-14.637313,25.80793
20333.333333333332,Alpha Centauri A b,1.599795474229528,0.5625358438465924,-0.737296,-0.015306,-0.364693
20500.0,Alpha Centauri B,23.616109197178584,0.516867630880857,-15.966765,-13.491634,28.977331
20500.0,Alpha Centauri A b,1.5995988251996793,0.4419033959731479,1.44509,0.38985,1.498136
20666.666666666668,Alpha Centauri B,23.63852586853517,0.5153012509168887,-11.432253,-11.786352,30.867501
20666.666666666668,Alpha Centauri A b,1.5997160025125101,0.3628228732749871,-0.634624,1.148716,1.2004
20833.333333333332,Alpha Centauri B,23.60215475447147,0.5179642696847186,-6.360757,-9.539561,31.359358
20833.333333333332,Alpha Centauri A b,1.5996110162935457,0.3426746970005217,1.183951,-0.920784,-0.350564
21000.0,Alpha Centauri B,23.629207465813717,0.5164579398734945,-0.879566,-6.748772,30.174312
21000.0,Alpha Centauri A b,1.5998614092031955,0.3886630613189394,1.415605,0.00736,1.682454
21166.666666666668,Alpha Centauri B,23.593191525025848,0.5164636851253809,4.476094,-3.611979,27.06525
21166.666666666668,Alpha Centauri A b,1.5996125450687224,0.493507746531033,-0.584975,0.132544,-0.549404
21333.333333333332,Alpha Centauri B,23.63739301857532,0.5170306282348484,9.547756,-0.047554,21.289685
21333.333333333332,Alpha Centauri A b,1.5990969878719898,0.6405456300640027,2.103724,-1.091143,0.679373
21500.0,Alpha Centauri B,23.62085778975261,0.5164653811130108,12.900794,3.355665,12.492226
21500.0,Alpha Centauri A b,1.6007213522916814,0.7948508582793792,1.229167,-0.550396,1.737091
21666.666666666668,Alpha Centauri B,23.67746232228992,0.517827264254623,11.831403,5.521254,-0.179801
21666.666666666668,Alpha Centauri A b,1.6041578953697413,0.8756186769323615,1.840156,-0.52917,0.315224
21833.333333333332,Alpha Centauri B,23.615755603224088,0.5166776875199983,1.379995,3.021241,-11.345276
21833.333333333332,Alpha Centauri A b,1.5997516613544227,0.8668781522711199,2.22029,-1.240123,1.545598
22000.0,Alpha Centauri B,23.62024748629158,0.5163169810491315,-10.987483,-2.679365,-11.491215
22000.0,Alpha Centauri A b,1.5969929286206808,0.7555881362792415,0.062261,-1.17838,0.269659
22166.666666666668,Alpha Centauri B,23.61026702799873,0.516870304784612,-19.234808,-7.685412,-5.846656
22166.666666666668,Alpha Centauri A b,1.6007675561803336,0.5962248800965144,1.699605,0.175884,1.382094
22333.333333333332,Alpha Centauri B,23.62719968893976,0.5160181815060969,-23.586243,-11.155789,1.079908
22333.333333333332,Alpha Centauri A b,1.5992635518484921,0.4638897730323511,1.02323,-1.554166,0.920602
22500.0,Alpha Centauri B,23.600484994099073,0.517983891916848,-25.360427,-13.426817,7.988695
22500.0,Alpha Centauri A b,1.5997433595822286,0.37753544753648854,-0.149976,1.251746,-0.070001
22666.666666666668,Alpha Centauri B,23.613634258305357,0.5167078902205842,-25.232925,-14.720273,14.430325
22666.666666666668,Alpha Centauri A b,1.599587637085087,0.3536931875608738,1.337627,0.440031,1.64339
22833.333333333332,Alpha Centauri B,23.651842465266387,0.5149620908920388,-23.690273,-15.153819,19.897561
22833.333333333332,Alpha Centauri A b,1.599776753089653,0.3990058067480418,-0.093656,-1.058298,-0.22763
23000.0,Alpha Centauri B,23.601625205663645,0.5176472055368595,-20.953407,-14.863165,24.555394
23000.0,Alpha Centauri A b,1.5996448810520414,0.5034978331342577,0.461274,1.891741,0.84709
23166.666666666668,Alpha Centauri B,23.627222313502042,0.5161080762996978,-17.362943,-13.935104,28.052092
23166.666666666668,Alpha Centauri A b,1.5996663046415411,0.6466897675701065,1.022915,0.588319,1.964904
23333.333333333332,Alpha Centauri B,23.599139410177223,0.5179237690443579,-13.042165,-12.421629,30.373197
23333.333333333332,Alpha Centauri A b,1.599781691717022,0.7939932979072216,0.277757,1.438133,0.134872
23500.0,Alpha Centauri B,23.622913991567415,0.5165911240516997,-8.106517,-10.344679,31.36642
23500.0,Alpha Centauri A b,1.5995068496366955,0.892193523156981,0.908979,1.976309,2.099941
23666.666666666668,Alpha Centauri B,23.631486057122906,0.5157312077097959,-2.801166,-7.768338,30.797484
23666.666666666668,Alpha Centauri A b,1.5998760705340578,0.8932055857086323,-0.160118,0.950454,1.54976
23833.333333333332,Alpha Centauri B,23.625134648614317,0.5168771741883341,2.670069,-4.723588,28.369663
23833.333333333332,Alpha Centauri A b,1.5996326806917776,0.7970465042376297,1.334612,1.199049,1.515289
24000.0,Alpha Centauri B,23.628857170295223,0.5162756974490065,7.955561,-1.262125,23.556045
24000.0,Alpha Centauri A b,1.5999072127996965,0.6500744846030267,0.278126,1.619029,1.966267
24166.666666666668,Alpha Centauri B,23.6261198236689,0.5176420179320022,12.044379,2.239968,15.90698
24166.666666666668,Alpha Centauri A b,1.598710160897374,0.5047081338562324,0.172793,-0.584288,-0.581329
24333.333333333332,Alpha Centauri B,23.646967607269985,0.5171210191814231,12.999428,5.125016,4.288173
24333.333333333332,Alpha Centauri A b,1.6036473518699783,0.3927392805915012,1.507655,0.365147,1.528422
24500.0,Alpha Centauri B,23.54922561144655,0.5152836600843431,6.067949,4.601478,-8.50758
24500.0,Alpha Centauri A b,1.6022243211059632,0.360403256376693,-0.765109,0.995667,0.752249
24666.666666666668,Alpha Centauri B,23.653358257460578,0.5175310301400511,-7.245082,-0.750275,-12.415119
24666.666666666668,Alpha Centauri A b,1.5968515962456176,0.42715614507211774,1.549327,-1.037778,0.003116
24833.333333333332,Alpha Centauri B,23.6101791374739,0.516492090368455,-16.914649,-6.14566,-8.070006
24833.333333333332,Alpha Centauri A b,1.6005657482818985,0.5515017204524326,1.385122,0.04634,1.750312
25000.0,Alpha Centauri B,23.626430155316545,0.5174099390670944,-22.442448,-10.128901,-1.308983
25000.0,Alpha Centauri A b,1.599501876136756,0.7067500105151485,0.595539,-0.607779,-0.647768
25166.666666666668,Alpha Centauri B,23.610200204264203,0.5168797633805878,-25.005608,-12.79795,5.742293
25166.666666666668,Alpha Centauri A b,1.5996479429876305,0.8476419487499238,2.424626,-1.114783,1.211444
25333.333333333332,Alpha Centauri B,23.63018848053941,0.5159067317550945,-25.459975,-14.384341,12.300608
25333.333333333332,Alpha Centauri A b,1.599634826299644,0.9171945562058714,1.248344,-0.991046,1.397929
25500.0,Alpha Centauri B,23.60694760260625,0.5172306690735783,-24.352804,-15.091951,18.123009
25500.0,Alpha Centauri A b,1.5997656676148606,0.8792250787496283,2.05799,-0.342849,0.9726
25666.666666666668,Alpha Centauri B,23.625134833261317,0.51616337800901,-21.971509,-15.038122,23.129252
25666.666666666668,Alpha Centauri A b,1.599514389644934,0.7561453909380063,2.023158,-1.263881,1.44752
25833.333333333332,Alpha Centauri B,23.612056339207346,0.5171066716659792,-18.705086,-14.326988,26.959782
25833.333333333332,Alpha Centauri A b,1.5998206294646058,0.6047798356368256,-0.516344,-0.198046,-0.405526
26000.0,Alpha Centauri B,23.616956998189657,0.5168137501957066,-14.551283,-12.985638,29.74104
26000.0,Alpha Centauri A b,1.5995987899845538,0.4734626851722468,1.608792,0.319469,1.466401
26166.666666666668,Alpha Centauri B,23.63870170077944,0.5152931686575575,-9.814398,-11.096969,31.197486
26166.666666666668,Alpha Centauri A b,1.5997063373991605,0.3918380665869306,0.805446,-1.460422,0.600069
26333.333333333332,Alpha Centauri B,23.603755749944558,0.5178544265511221,-4.624704,-8.687905,31.180496
26333.333333333332,Alpha Centauri A b,1.5995878626027447,0.3795320361190899,0.085923,1.580453,0.348214
26500.0,Alpha Centauri B,23.62901613946485,0.5163830562242805,0.844952,-5.783302,29.412441
26500.0,Alpha Centauri A b,1.5999214063268488,0.44183056895456474,1.363015,0.396824,1.7236
26666.666666666668,Alpha Centauri B,23.593516891294264,0.5165596249702965,6.194803,-2.489271,25.526646
26666.666666666668,Alpha Centauri A b,1.5995992405729262,0.5674773119009132,-0.405204,-0.121624,-0.579315
26833.333333333332,Alpha Centauri B,23.637159723738883,0.5169801893548661,10.882768,1.088026,18.835283
26833.333333333332,Alpha Centauri A b,1.599348140953619,0.7325464036239746,0.843088,2.014248,1.539313
27000.0,Alpha Centauri B,23.620524458114076,0.5165286915730049,13.28818,4.339885,8.656016
27000.0,Alpha Centauri A b,1.600534196099868,0.8847037633711956,0.82125,1.075887,1.970748
27166.666666666668,Alpha Centauri B,23.67761915441045,0.51785495705408,9.6122,5.406788,-4.530581
27166.666666666668,Alpha Centauri A b,1.60515602560664,0.9166626379650145,1.048126,1.501905,0.980199
27333.333333333332,Alpha Centauri B,23.609966774587903,0.5165463302783388,-2.984648,1.235084,-12.458434
27333.333333333332,Alpha Centauri A b,1.6023295573489793,0.8578539337983526,0.87106,1.878382,2.138476
27500.0,Alpha Centauri B,23.628893166867027,0.5163150124727287,-14.159585,-4.461602,-9.999767
27500.0,Alpha Centauri A b,1.5981311854188862,0.6978132937909245,-0.79941,0.586033,0.278584
27666.666666666668,Alpha Centauri B,23.611862721822764,0.5169230201303534,-21.022493,-8.989024,-3.597758
27666.666666666668,Alpha Centauri A b,1.6004377467749022,0.5379073082030427,1.604932,0.43633,1.354039
27833.333333333332,Alpha Centauri B,23.628816119280593,0.5159125580622306,-24.419092,-12.037895,3.418152
27833.333333333332,Alpha Centauri A b,1.5993928795776176,0.4277990016145384,-0.088488,1.375658,1.43987
28000.0,Alpha Centauri B,23.600120664073465,0.5179308157115162,-25.500636,-13.958698,10.165934
28000.0,Alpha Centauri A b,1.5997190008715612,0.38480679997961326,0.838015,-0.973701,-0.4834
28166.666666666668,Alpha Centauri B,23.61355977418369,0.516778762271563,-24.849144,-14.957465,16.356848
28166.666666666668,Alpha Centauri A b,1.5995963757668377,0.41964926700919764,1.736102,-0.041702,1.461533
28333.333333333332,Alpha Centauri B,23.656603266280143,0.5145745992621288,-22.922059,-15.144776,21.502948
28333.333333333332,Alpha Centauri A b,1.5998128807975118,0.5239951314089811,-0.660491,0.514942,0.078021
28500.0,Alpha Centauri B,23.606916130484606,0.5173345438331003,-19.90214,-14.643314,25.778372
28500.0,Alpha Centauri A b,1.5995900314227645,0.6743509251696402,2.15928,-1.092704,0.645654
28666.666666666668,Alpha Centauri B,23.62779970669757,0.5160629528700968,-16.047683,-13.516867,28.929538
28666.666666666668,Alpha Centauri A b,1.5996809556366969,0.8309724799494468,1.729136,-0.530295,1.65793
28833.333333333332,Alpha Centauri B,23.602536119939746,0.5177242850100975,-11.485349,-11.804843,30.855585
28833.333333333332,Alpha Centauri A b,1.5997693368578716,0.9316653902404932,1.589332,-0.54337,0.239202
29000.0,Alpha Centauri B,23.62364650197264,0.5165052977768074,-6.338359,-9.523881,31.361476
29000.0,Alpha Centauri A b,1.5995331229311007,0.9226476519300061,2.468202,-1.101073,1.432421
29166.666666666668,Alpha Centauri B,23.630732622467935,0.5156741752440702,-1.012518,-6.81617,30.227389
29166.666666666668,Alpha Centauri A b,1.5997170818022894,0.80963666199372,0.728314,-1.386964,0.563498
29333.333333333332,Alpha Centauri B,23.624905609988154,0.5168940194028135,4.425806,-3.640613,27.109989
29333.333333333332,Alpha Centauri A b,1.5998001394052586,0.6512232585565111,1.736485,0.261213,1.322523
29500.0,Alpha Centauri B,23.62474811662682,0.516191604385886,9.444616,-0.129192,21.458934
29500.0,Alpha Centauri A b,1.5997028874840484,0.5065790291689123,1.511526,-1.289386,1.057027
29666.666666666668,Alpha Centauri B,23.645576260041423,0.5175956830650543,12.880561,3.320334,12.614341
29666.666666666668,Alpha Centauri A b,1.5981155126059372,0.41373187327509175,-0.454282,1.00766,-0.201484
29833.333333333332,Alpha Centauri B,23.64490597370793,0.5171343812513025,11.894559,5.514094,-0.013933
29833.333333333332,Alpha Centauri A b,1.602064913943544,0.39866936562468047,1.417261,0.697713,1.588891
30000.0,Alpha Centauri B,23.544872280645155,0.5151324330085133,1.873194,3.205646,-11.137344
30000.0,Alpha Centauri A b,1.6008085114953248,0.48069373668791104,0.464876,-1.069464,0.304223
30166.666666666668,Alpha Centauri B,23.635510787297047,0.5171922091596538,-10.939708,-2.652092,-11.507238
30166.666666666668,Alpha Centauri A b,1.5984635361966124,0.6472756673103257,0.478718,1.985313,1.045586
30333.333333333332,Alpha Centauri B,23.61403073916012,0.5165709175597841,-19.192497,-7.655639,-5.890957
30333.333333333332,Alpha Centauri A b,1.60021996868259,0.8186234166425479,1.154819,1.338445,2.023872
30500.0,Alpha Centauri B,23.61314079310928,0.517484381947387,-23.554045,-11.126556,1.008755
30500.0,Alpha Centauri A b,1.5997698189310678,0.9360336552504113,0.467245,1.197964,0.418176
30666.666666666668,Alpha Centauri B,23.614293935617198,0.5167285269099884,-25.362105,-13.443734,8.04513
30666.666666666668,Alpha Centauri A b,1.5996239204575629,0.9422190565803142,1.121626,2.002251,2.001516
30833.333333333332,Alpha Centauri B,23.63539375982914,0.5156347324350709,-25.251028,-14.703443,14.277434
30833.333333333332,Alpha Centauri A b,1.5996903262620477,0.8369108244397027,-0.234229,1.37395,1.334567
31000.0,Alpha Centauri B,23.606385077874556,0.5172968977577975,-23.710345,-15.158926,19.83427
31000.0,Alpha Centauri A b,1.5997228603088651,0.6782529702166835,1.547845,0.542964,1.247947
31166.666666666668,Alpha Centauri B,23.628808967934194,0.515941922164381,-20.975738,-14.876062,24.518325
31166.666666666668,Alpha Centauri A b,1.5995715539503654,0.5292251899494694,0.679633,1.44273,1.81014
31333.333333333332,Alpha Centauri B,23.60134025312045,0.5177077556435129,-17.429328,-13.964315,27.997607
31333.333333333332,Alpha Centauri A b,1.5997849287963573,0.42936590401996344,-0.306453,-0.497209,-0.715159
31500.0,Alpha Centauri B,23.615648208845766,0.516894138867918,-13.07778,-12.443322,30.358742
31500.0,Alpha Centauri A b,1.5995949260022269,0.4021550431014249,1.758349,-0.05063,1.336479
31666.666666666668,Alpha Centauri B,23.641230568086332,0.5150471052283678,-8.185806,-10.385633,31.362778
31666.666666666668,Alpha Centauri A b,1.599744994674072,0.4565016504472252,-0.175305,1.018663,1.000168
31833.333333333332,Alpha Centauri B,23.610479761664074,0.5174515708975465,-2.871071,-7.807839,30.817824
31833.333333333332,Alpha Centauri A b,1.5994914192368381,0.5800143771436346,1.702082,-1.187295,0.157811
32000.0,Alpha Centauri B,23.626540095530544,0.5165204285681555,2.676003,-4.720835,28.369225
32000.0,Alpha Centauri A b,1.5998867960591376,0.7444558194576573,2.109052,-0.55479,1.577789
32166.666666666668,Alpha Centauri B,23.604134102557367,0.5177154170666542,7.840299,-1.345553,23.703013
32166.666666666668,Alpha Centauri A b,1.599286726823733,0.8997461050749188,0.467799,-0.355496,-0.273398
32333.333333333332,Alpha Centauri B,23.63465849846511,0.5168423862129163,12.048834,2.2437,15.902516
32333.333333333332,Alpha Centauri A b,1.6003541149952984,0.9695330152548203,2.533468,-1.049595,1.298344
32500.0,Alpha Centauri B,23.605498934531848,0.5162995806607691,13.040425,5.088393,4.544123
32500.0,Alpha Centauri A b,1.5962495926689844,0.8919730638010805,1.590291,-1.39425,1.031527
32666.666666666668,Alpha Centauri B,23.688520979670468,0.5180905187503074,6.196899,4.635218,-8.400737
32666.666666666668,Alpha Centauri A b,1.6005772802698064,0.720340897476565,1.301659,0.555928,0.97185
32833.333333333336,Alpha Centauri B,23.60730642477165,0.5164461881238819,-7.240386,-0.748974,-12.41504
32833.333333333336,Alpha Centauri A b,1.602699320235937,0.556957306600407,1.918127,-0.687235,1.440258
33000.0,Alpha Centauri B,23.640384411551505,0.5166747830265279,-16.844366,-6.098422,-8.127803
33000.0,Alpha Centauri A b,1.5994453574302665,0.44204563549014453,-0.552271,-0.421796,-0.623311
33166.666666666664,Alpha Centauri B,23.61205933373149,0.516985206797768,-22.416736,-10.101827,-1.353363
33166.666666666664,Alpha Centauri A b,1.60005089257554,0.4112940915691333,1.133063,1.140992,1.450852
33333.333333333336,Alpha Centauri B,23.633260682480266,0.515722475024047,-24.988834,-12.766543,5.660121
33333.333333333336,Alpha Centauri A b,1.5995868178875363,0.46817380023739114,1.155184,-0.78578,0.975877
33500.0,Alpha Centauri B,23.601619303747565,0.5176498097195656,-25.463047,-14.368971,12.249432
33500.0,Alpha Centauri A b,1.5997097367229371,0.5942845901771127,-0.015869,1.773851,0.499516
33666.666666666664,Alpha Centauri B,23.61493065671918,0.5167522960719035,-24.332153,-15.091881,18.183366
33666.666666666664,Alpha Centauri A b,1.5995366417838466,0.7586311458946361,1.145045,1.650865,1.946772
33833.333333333336,Alpha Centauri B,23.682515158604286,0.5129501034607579,-22.049796,-15.048983,23.004797
33833.333333333336,Alpha Centauri A b,1.5999401516862943,0.907598441115182,0.163571,-0.190021,0.364093
34000.0,Alpha Centauri B,23.613548491386354,0.5169207652895838,-18.690777,-14.326665,26.969414
34000.0,Alpha Centauri A b,1.5995664138024726,0.9699239772148217,1.078252,1.984736,1.837429
34166.666666666664,Alpha Centauri B,23.63053939754258,0.5158578016837444,-14.605714,-13.011886,29.712781
34166.666666666664,Alpha Centauri A b,1.5996596953545155,0.9086505868617533,0.390233,1.799822,1.890162
34333.333333333336,Alpha Centauri B,23.601228452658763,0.5178406901472922,-9.891147,-11.138244,31.184896
34333.333333333336,Alpha Centauri A b,1.5997483972783961,0.761090244548562,1.282162,0.187533,0.820741
34500.0,Alpha Centauri B,23.627140224740685,0.5161977719495515,-4.678081,-8.723163,31.190355
34500.0,Alpha Centauri A b,1.5996754542696912,0.5979923488162625,0.959781,1.412507,1.901954
34666.666666666664,Alpha Centauri B,23.62418782627693,0.5157399558657036,0.772867,-5.830958,29.450556
34666.666666666664,Alpha Centauri A b,1.5996067164655967,0.47308718527011917,-0.912025,0.737554,-0.013784
34833.333333333336,Alpha Centauri B,23.624485224199343,0.5171096859605409,6.194285,-2.49507,25.533008
34833.333333333336,Alpha Centauri A b,1.5996208516088277,0.41745620384471843,1.71214,-0.542,0.904372
35000.0,Alpha Centauri B,23.61922588371413,0.5161701472715892,10.824084,1.032483,18.964883
35000.0,Alpha Centauri A b,1.600126045959235,0.449493667386025,0.62164,0.982883,1.521928
35166.666666666664,Alpha Centauri B,23.65908287050139,0.5175572641037166,13.285286,4.306111,8.813284
35166.666666666664,Alpha Centauri A b,1.5968501421971988,0.5722241994088871,0.92168,-1.176743,-0.370496
35333.333333333336,Alpha Centauri B,23.64974033919443,0.5172725523634617,9.512269,5.392226,-4.679516
35333.333333333336,Alpha Centauri A b,1.5963849006368331,0.743868660206973,2.285865,-0.895717,1.311336
35500.0,Alpha Centauri B,23.57079889930989,0.5156138634809034,-2.600961,1.401447,-12.409986
35500.0,Alpha Centauri A b,1.5998203974500944,0.914030870419164,0.767372,-0.084618,1.076413
35666.666666666664,Alpha Centauri B,23.62290974958282,0.5168862190706299,-14.168911,-4.46868,-9.992276
35666.666666666664,Alpha Centauri A b,1.6005318282648895,0.9831012101830245,2.325,-0.930294,1.220123
35833.333333333336,Alpha Centauri B,23.619476616929543,0.5163789224462616,-20.968216,-8.946378,-3.672641
35833.333333333336,Alpha Centauri A b,1.5993588801048226,0.9024436771196482,2.086143,-1.378847,1.304692
36000.0,Alpha Centauri B,23.602747415785988,0.5178767914015001,-24.381695,-11.9899,3.297783
36000.0,Alpha Centauri A b,1.5998707311796097,0.7422094352993305,0.602764,0.716094,0.653312
36166.666666666664,Alpha Centauri B,23.6183807537704,0.5165419630510887,-25.501336,-13.952985,10.178843
36166.666666666664,Alpha Centauri A b,1.599618511813316,0.579475604677713,1.89714,-0.298339,1.580305
36333.333333333336,Alpha Centauri B,23.6445343401998,0.5151936255596942,-24.88774,-14.933111,16.203127
36333.333333333336,Alpha Centauri A b,1.5997459755373644,0.4631395383648116,0.351874,-1.339483,-0.153153
36500.0,Alpha Centauri B,23.60055506274142,0.5176659309761952,-22.933055,-15.13559,21.487123
36500.0,Alpha Centauri A b,1.5996694302034384,0.4205545414849652,0.581303,1.429316,1.141282
36666.666666666664,Alpha Centauri B,23.629771639901083,0.5158842585598098,-19.922575,-14.638737,25.760877
36666.666666666664,Alpha Centauri A b,1.5996364396406926,0.4635773958310458,1.468353,-0.198881,1.495994
36833.333333333336,Alpha Centauri B,23.59691767446867,0.5179957854141053,-16.093608,-13.524459,28.90425
36833.333333333336,Alpha Centauri A b,1.5997765633618315,0.5813174882143012,-0.468723,1.196599,-0.066158
37000.0,Alpha Centauri B,23.61657327675445,0.5168155179527655,-11.536398,-11.821269,30.84487
37000.0,Alpha Centauri A b,1.5995406731361725,0.7449709814971963,1.019107,1.722028,1.945185
37166.666666666664,Alpha Centauri B,23.634427742062332,0.5155161022393953,-6.486752,-9.59374,31.370721
37166.666666666664,Alpha Centauri A b,1.5998798303593045,0.9037470059294808,0.784751,0.460194,1.426501
37333.333333333336,Alpha Centauri B,23.61778585176932,0.5169616082036758,-1.064221,-6.846631,30.249572
37333.333333333336,Alpha Centauri A b,1.5995582101360037,0.9842075733819772,0.913406,1.812441,1.713891
37500.0,Alpha Centauri B,23.62560574673313,0.5163426919480548,4.459368,-3.623422,27.086996
37500.0,Alpha Centauri A b,1.5997586645292738,0.9368872878467751,0.759245,1.963797,2.172381
37666.666666666664,Alpha Centauri B,23.627497213265357,0.518349649640454,9.380341,-0.183637,21.565152
37666.666666666664,Alpha Centauri A b,1.5989807037616846,0.7888217449716168,0.423171,-0.345902,-0.001125
37833.333333333336,Alpha Centauri B,23.63258042406634,0.5167903196121282,12.890504,3.333129,12.574987
37833.333333333336,Alpha Centauri A b,1.6025449684816926,0.610454928052221,1.350167,0.89252,1.869229
38000.0,Alpha Centauri B,23.56695390679758,0.5156032498436439,11.962193,5.509136,0.175659
38000.0,Alpha Centauri A b,1.5974888746979157,0.4726353198684574,-0.54353,1.336129,0.718228
38166.666666666664,Alpha Centauri B,23.68699095638591,0.5180645991344014,2.032416,3.267307,-11.065558
38166.666666666664,Alpha Centauri A b,1.597155117259799,0.42675284187251505,1.430193,-0.94837,0.486251
38333.333333333336,Alpha Centauri B,23.613190989724988,0.5165000431822526,-10.82069,-2.589271,-11.54863
38333.333333333336,Alpha Centauri A b,1.6023806078701703,0.48265640981092844,1.33785,0.417618,1.749718
38500.0,Alpha Centauri B,23.63052932754345,0.5172090240854519,-19.056764,-7.565853,-6.037492
38500.0,Alpha Centauri A b,1.5991490911808224,0.619841069930654,0.100543,-0.705775,-0.6127
38666.666666666664,Alpha Centauri B,23.61398987610774,0.5168684143836456,-23.522358,-11.102577,0.942725
38666.666666666664,Alpha Centauri A b,1.5997046292855308,0.7900547611571888,2.249853,-1.11332,1.330936
38833.333333333336,Alpha Centauri B,23.62981041459832,0.51598811656939,-25.33826,-13.395675,7.857904
38833.333333333336,Alpha Centauri A b,1.5997009986732456,0.9372069301330035,1.472378,-0.48922,1.443851
39000.0,Alpha Centauri B,23.607300173025266,0.5172217664198399,-25.249762,-14.700384,14.272566
39000.0,Alpha Centauri A b,1.599763377053403,0.9884904799881029,1.934549,-0.787408,1.088027
39166.666666666664,Alpha Centauri B,23.624954429810565,0.5161936397475103,-23.73106,-15.15263,19.786406
39166.666666666664,Alpha Centauri A b,1.5995137654317482,0.9136378592648295,2.213483,-1.34261,1.503115
39333.333333333336,Alpha Centauri B,23.63079986769584,0.5159369740161867,-21.065876,-14.885337,24.405522
39333.333333333336,Alpha Centauri A b,1.5998906670715456,0.7578381073972852,-0.171437,-0.433406,-0.322523
39500.0,Alpha Centauri B,23.61714185872085,0.5166888977597776,-17.471752,-13.967476,27.970317
39500.0,Alpha Centauri A b,1.5996075444823648,0.5941870808666265,1.696727,-0.049544,1.705899
39666.666666666664,Alpha Centauri B,23.63771585578665,0.5153021485108691,-13.1284,-12.453321,30.34355
39666.666666666664,Alpha Centauri A b,1.5996694179060504,0.47503812043491567,1.146474,-1.401148,0.537693
39833.333333333336,Alpha Centauri B,23.6013636454907,0.5179202866843204,-8.218917,-10.391709,31.363971
39833.333333333336,Alpha Centauri A b,1.5996371201910136,0.43032504849014525,-0.068954,1.424735,0.669462
40000.0,Alpha Centauri B,23.62388088179498,0.5163744095140006,-2.89971,-7.815486,30.828432
40000.0,Alpha Centauri A b,1.5998205195552513,0.47262786801054973,1.38602,0.32069,1.805435
40166.666666666664,Alpha Centauri B,23.614507531843195,0.5161965049493165,2.545422,-4.794554,28.453955
40166.666666666664,Alpha Centauri A b,1.5996403396835994,0.5924434846262121,-0.354212,-0.17385,-0.531224
40333.333333333336,Alpha Centauri B,23.62710370155996,0.5169203876162791,7.848603,-1.338429,23.697203
40333.333333333336,Alpha Centauri A b,1.5994577930978155,0.7612864191122873,0.600521,1.887461,1.809089
40500.0,Alpha Centauri B,23.61844571347121,0.5163856331536003,11.982579,2.169935,16.109101
40500.0,Alpha Centauri A b,1.600725552736141,0.925034081148198,0.944659,1.050878,1.945254
40666.666666666664,Alpha Centauri B,23.661532267161153,0.5174489286263779,13.061702,5.069932,4.684227
40666.666666666664,Alpha Centauri A b,1.6003260991682604,0.9936242243162591,0.727065,1.362761,1.490053
40833.333333333336,Alpha Centauri B,23.615298820030418,0.5165802433973006,6.394916,4.693369,-8.227447
40833.333333333336,Alpha Centauri A b,1.5961040641409288,0.9134440172519465,0.724414,1.86281,2.293347
41000.0,Alpha Centauri B,23.599634000097453,0.5160414292974856,-6.861959,-0.561817,-12.462031
41000.0,Alpha Centauri A b,1.5956953861651655,0.7439975648377829,-0.554948,0.976988,0.270065
41166.666666666664,Alpha Centauri B,23.62026445604357,0.5168918656959518,-16.845388,-6.102079,-8.12393
41166.666666666664,Alpha Centauri A b,1.600837952561247,0.5684077899392759,1.40408,0.149886,1.658472
41333.333333333336,Alpha Centauri B,23.63078504246345,0.516018073023563,-22.363874,-10.063949,-1.443376
41333.333333333336,Alpha Centauri A b,1.5994199096875037,0.4609027137433737,0.07752,1.432158,1.385316
41500.0,Alpha Centauri B,23.598685384056104,0.5177145660445365,-24.967702,-12.748443,5.581019
41500.0,Alpha Centauri A b,1.5996934557349467,0.4361472221495568,0.773622,-1.172186,-0.186399
41666.666666666664,Alpha Centauri B,23.618118325813132,0.5166031291177194,-25.46187,-14.36072,12.165233
41666.666666666664,Alpha Centauri A b,1.5995757835331268,0.49822348957284085,1.561829,-0.130084,1.78244
41833.333333333336,Alpha Centauri B,23.663607378232328,0.5141987302244936,-24.383004,-15.087948,18.010538
41833.333333333336,Alpha Centauri A b,1.5998644358478942,0.6303491455818765,-0.339668,0.651825,0.23916
42000.0,Alpha Centauri B,23.607646330279714,0.5172241019855968,-22.047112,-15.053569,23.001025
42000.0,Alpha Centauri A b,1.5995821126770455,0.7981083238256297,1.962728,-1.387877,1.083208
42166.666666666664,Alpha Centauri B,23.62495629736303,0.5161808382831724,-18.732529,-14.340555,26.929686
42166.666666666664,Alpha Centauri A b,1.5996246521870856,0.9440296634582968,1.940711,-0.918491,1.75703
42333.333333333336,Alpha Centauri B,23.603596612552302,0.5176065787399595,-14.678557,-13.036616,29.677997
42333.333333333336,Alpha Centauri A b,1.5997800181621171,0.995918465371971,1.368513,-0.648391,0.93671
42500.0,Alpha Centauri B,23.6221921877256,0.5163798693842723,-9.93694,-11.153085,31.180289
42500.0,Alpha Centauri A b,1.5995935378701434,0.9221016249859054,2.182518,-1.266516,1.75335
42666.666666666664,Alpha Centauri B,23.630653407935423,0.5155356173556002,-4.741007,-8.748689,31.201865
42666.666666666664,Alpha Centauri A b,1.5995961353196457,0.766038479005349,0.864426,-1.362218,0.200861
42833.333333333336,Alpha Centauri B,23.619361393666015,0.5169746414839823,0.719122,-5.856253,29.480615
42833.333333333336,Alpha Centauri A b,1.5998701168951075,0.6005628471002235,1.147159,0.371068,1.72231
43000.0,Alpha Centauri B,23.62024442424264,0.5160975606946688,6.110461,-2.548015,25.618801
43000.0,Alpha Centauri A b,1.5997128726157657,0.48008812589102384,1.487873,-1.114033,1.175454
43166.666666666664,Alpha Centauri B,23.6421723976008,0.5174148797760629,10.779085,0.992491,19.061674
43166.666666666664,Alpha Centauri A b,1.5987709078891,0.437534958290327,-0.615132,0.938652,-0.14277
43333.333333333336,Alpha Centauri B,23.639352624848836,0.5169649759404211,13.284835,4.28554,8.905518
43333.333333333336,Alpha Centauri A b,1.6020560467469762,0.49021779100540686,0.950553,0.899506,1.99558
43500.0,Alpha Centauri B,23.53614698708244,0.5149963565038351,9.798248,5.43219,-4.25203
43500.0,Alpha Centauri A b,1.6025451365858014,0.6282031674195915,0.75809,-0.719703,0.632784
43666.666666666664,Alpha Centauri B,23.651350509086814,0.5173524881751477,-2.583095,1.409151,-12.407551
43666.666666666664,Alpha Centauri A b,1.5970056147679461,0.8122220854472609,0.188551,1.797647,1.649032
43833.333333333336,Alpha Centauri B,23.620592836181007,0.5165812086953512,-14.006357,-4.372005,-10.085383
43833.333333333336,Alpha Centauri A b,1.600698196093735,0.964576388568005,0.781038,1.512475,2.36625
44000.0,Alpha Centauri B,23.60906266986813,0.5173435439187083,-20.849837,-8.857148,-3.836587
44000.0,Alpha Centauri A b,1.5997858084779342,0.9933955584834885,0.435406,0.659012,1.057319
44166.666666666664,Alpha Centauri B,23.619165702893714,0.5166279338937663,-24.393189,-12.009691,3.347395
44166.666666666664,Alpha Centauri A b,1.5995619680742421,0.8966475119273829,0.813535,1.464563,2.424922
44333.333333333336,Alpha Centauri B,23.63933789757639,0.515656395986492,-25.493468,-13.926622,10.038164
44333.333333333336,Alpha Centauri A b,1.5997145615937436,0.7340658950340386,-0.281744,1.581158,1.122643
44500.0,Alpha Centauri B,23.601100197247355,0.5174901106682287,-24.890987,-14.935683,16.161539
44500.0,Alpha Centauri A b,1.599713907192633,0.5759056201659344,1.185178,-0.408925,1.337883
44666.666666666664,Alpha Centauri B,23.628857960642527,0.516000429330549,-22.930189,-15.143961,21.479408
44666.666666666664,Alpha Centauri A b,1.599599723914328,0.4688703039825959,0.656833,0.987414,1.976527
44833.333333333336,Alpha Centauri B,23.60369818058448,0.5174830264886254,-19.980008,-14.6618,25.690538
44833.333333333336,Alpha Centauri A b,1.5997829366746805,0.4397340615055582,-0.154086,-0.536267,-0.780318
45000.0,Alpha Centauri B,23.611834639604137,0.5170391743418644,-16.08289,-13.530901,28.906703
45000.0,Alpha Centauri A b,1.5996293275167348,0.4960276472665535,1.540204,-0.845638,1.565719
45166.666666666664,Alpha Centauri B,23.63597798641258,0.5152899697497323,-11.588738,-11.850335,30.829633
45166.666666666664,Alpha Centauri A b,1.5997466809985152,0.6233187555891263,0.415741,0.670647,1.366672
45333.333333333336,Alpha Centauri B,23.612154847875523,0.5172737345578324,-6.508012,-9.609156,31.372387
45333.333333333336,Alpha Centauri A b,1.5995378911553024,0.7894160090126653,1.481764,-1.525599,0.800782
45500.0,Alpha Centauri B,23.621647803238886,0.5164453550360131,-1.123286,-6.881188,30.273989
45500.0,Alpha Centauri A b,1.5998378737870809,0.939013041780493,1.93095,-1.192151,1.938173
45666.666666666664,Alpha Centauri B,23.634343381961973,0.5198539188114976,4.309876,-3.717524,27.208057
45666.666666666664,Alpha Centauri A b,1.6009248381895151,0.9999649996610083,0.091532,-0.059978,0.085462
45833.333333333336,Alpha Centauri B,23.62354006245894,0.5165960567600019,9.464129,-0.117292,21.438372
45833.333333333336,Alpha Centauri A b,1.6021000604529143,0.9315565449674095,1.953032,-1.319151,1.954884
46000.0,Alpha Centauri B,23.708347240643548,0.5184002953437212,12.841172,3.252308,12.847271
46000.0,Alpha Centauri A b,1.5996781622756864,0.7690389194446122,-0.125809,0.484902,0.285979
46166.666666666664,Alpha Centauri B,23.610983584660982,0.5164744185508717,12.008112,5.500632,0.297194
46166.666666666664,Alpha Centauri A b,1.5994069605927987,0.5933809147546074,1.554943,-1.017879,1.731671
46333.333333333336,Alpha Centauri B,23.70561842261114,0.5184447618890442,2.202573,3.327983,-10.988487
46333.333333333336,Alpha Centauri A b,1.5986905977407673,0.47749802407590247,-0.498216,0.903788,0.047949
46500.0,Alpha Centauri B,23.621495999477524,0.5165728705947833,-10.741043,-2.545909,-11.575879
46500.0,Alpha Centauri A b,1.6035821218391724,0.4414529605630809,1.204591,-0.313529,1.874829
46666.666666666664,Alpha Centauri B,23.609715307414113,0.5172013097538901,-18.977052,-7.506014,-6.12221
46666.666666666664,Alpha Centauri A b,1.6007789596089497,0.5108049453734451,-0.498835,1.413238,0.587323
46833.333333333336,Alpha Centauri B,23.62557202111424,0.5164290320583725,-23.49723,-11.07198,0.883304
46833.333333333336,Alpha Centauri A b,1.6012451969205803,0.6456046667567912,0.937948,0.376185,2.153752
47000.0,Alpha Centauri B,23.602715048843283,0.5172870659341319,-25.330021,-13.371165,7.786984
47000.0,Alpha Centauri A b,1.6012642511093236,0.811503099547655,-0.160514,1.634646,1.431661
47166.666666666664,Alpha Centauri B,23.625524232525347,0.5162819811062063,-25.258334,-14.687874,14.206831
47166.666666666664,Alpha Centauri A b,1.6011459057192305,0.9516890704941472,0.573035,1.250381,2.448661
47333.333333333336,Alpha Centauri B,23.608060131562233,0.5171342798205169,-23.739964,-15.152488,19.759258
47333.333333333336,Alpha Centauri A b,1.6012595578240436,0.9992175169687444,0.352999,1.268287,2.10657
47500.0,Alpha Centauri B,23.630043495105138,0.5159064820411887,-21.083142,-14.893062,24.377416
47500.0,Alpha Centauri A b,1.6011780984232016,0.9263289826595933,0.117569,1.665473,2.096624
47666.666666666664,Alpha Centauri B,23.610949132716033,0.5170693816407078,-17.500322,-13.983727,27.94471
47666.666666666664,Alpha Centauri A b,1.6012938864376478,0.7737828249825859,0.782471,0.313223,2.073856
47833.333333333336,Alpha Centauri B,23.631375107184486,0.515609113799019,-13.159949,-12.473022,30.329865
47833.333333333336,Alpha Centauri A b,1.6011394634689105,0.6108641780582856,-0.204145,1.600085,1.404043
48000.0,Alpha Centauri B,23.613338772109994,0.5171573766873778,-8.255003,-10.417144,31.361903
48000.0,Alpha Centauri A b,1.6013185882374046,0.4893987858069022,1.03522,-0.636725,1.595324
48166.666666666664,Alpha Centauri B,23.624680094366877,0.5155477037711252,-2.965848,-7.855988,30.846478
48166.666666666664,Alpha Centauri A b,1.6010347834729408,0.4407210669698451,-0.300035,1.309136,0.857133
48333.333333333336,Alpha Centauri B,23.623316535999088,0.5169849691609796,2.530461,-4.808878,28.467477
48333.333333333336,Alpha Centauri A b,1.6012897421325594,0.4781824267688098,1.237481,-1.190683,1.412546
48500.0,Alpha Centauri B,23.60039030057395,0.5156754028188807,7.738394,-1.420462,23.836399
48500.0,Alpha Centauri A b,1.6007246839327627,0.5934150165839635,-0.058267,0.850238,0.828235
48666.666666666664,Alpha Centauri B,23.63998224465016,0.5169758676037902,12.026086,2.215932,15.984641
48666.666666666664,Alpha Centauri A b,1.6008938350632966,0.7615284126448008,1.500434,-1.639456,1.487278
48833.333333333336,Alpha Centauri B,23.557352310134124,0.5154878553279624,13.090714,5.040616,4.889697
48833.333333333336,Alpha Centauri A b,1.6024259181161447,0.9257543750060949,0.52633,-0.093277,1.051929
49000.0,Alpha Centauri B,23.636516382112443,0.5169958028915944,6.442454,4.704821,-8.186867
49000.0,Alpha Centauri A b,1.5992047558934919,0.9990948153902747,1.72751,-1.654617,2.029401
49166.666666666664,Alpha Centauri B,23.607492917644965,0.5160883004326658,-6.713339,-0.490513,-12.477925
49166.666666666664,Alpha Centauri A b,1.5969809146134872,0.9306112265037063,0.666507,-0.810227,0.205403
49333.333333333336,Alpha Centauri B,23.624876037907292,0.5166491374883988,-16.744081,-6.035361,-8.205368
49333.333333333336,Alpha Centauri A b,1.6016340652231733,0.7705203909369654,1.417904,-1.180147,2.109192
49500.0,Alpha Centauri B,23.61920529775481,0.5165171202932718,-22.310425,-10.013191,-1.539776
49500.0,Alpha Centauri A b,1.601578087862946,0.6084303338685205,-0.133918,-0.140335,-0.66681
49666.666666666664,Alpha Centauri B,23.623259300304532,0.5165120277708557,-24.968339,-12.739678,5.581345
49666.666666666664,Alpha Centauri A b,1.6010634395255976,0.48907285083974783,0.995906,-0.504317,2.099186
49833.333333333336,Alpha Centauri B,23.596005256172003,0.5174362466452688,-25.46871,-14.336394,12.084028
49833.333333333336,Alpha Centauri A b,1.601397518169017,0.4411657868752875,-0.547655,0.636893,-0.506535
50000.0,Alpha Centauri B,23.621544506254228,0.5164622391030889,-24.393881,-15.077423,17.982906
50000.0,Alpha Centauri A b,1.6011659770322333,0.4759292367372483,0.728517,0.031669,2.209707
